record_type,mode,n_ops,repeat,threads,k_value,planned_ops,successful_ops,failed_ops,total_ms,avg_ms_per_success,tps_success,event_rows,log_rows,checkpoint_rows,mean_total_ms,stddev_total_ms,min_total_ms,max_total_ms,iqr_total_ms
RUN,STANDARD,1000,1,1,0,1000,1000,0,2145.855,2.145855200,466.015,0,0,0,,,,,
RUN,STANDARD,1000,2,1,0,1000,1000,0,2126.902,2.126902300,470.167,0,0,0,,,,,
RUN,STANDARD,1000,3,1,0,1000,1000,0,2142.433,2.142433399,466.759,0,0,0,,,,,
RUN,STANDARD,1000,4,1,0,1000,1000,0,2130.591,2.130591499,469.353,0,0,0,,,,,
RUN,STANDARD,1000,5,1,0,1000,1000,0,2132.045,2.132045300,469.033,0,0,0,,,,,
RUN,STANDARD,1000,6,1,0,1000,1000,0,2133.052,2.133051900,468.812,0,0,0,,,,,
RUN,STANDARD,1000,7,1,0,1000,1000,0,2129.943,2.129942699,469.496,0,0,0,,,,,
RUN,STANDARD,1000,8,1,0,1000,1000,0,2146.624,2.146624100,465.848,0,0,0,,,,,
RUN,STANDARD,1000,9,1,0,1000,1000,0,2131.414,2.131413699,469.172,0,0,0,,,,,
RUN,STANDARD,1000,10,1,0,1000,1000,0,2132.707,2.132707100,468.888,0,0,0,,,,,
RUN,STANDARD,1000,11,1,0,1000,1000,0,2122.146,2.122146200,471.221,0,0,0,,,,,
RUN,STANDARD,1000,12,1,0,1000,1000,0,2121.442,2.121441901,471.378,0,0,0,,,,,
RUN,STANDARD,1000,13,1,0,1000,1000,0,2134.164,2.134163901,468.568,0,0,0,,,,,
RUN,STANDARD,1000,14,1,0,1000,1000,0,2124.432,2.124431700,470.714,0,0,0,,,,,
RUN,STANDARD,1000,15,1,0,1000,1000,0,2128.829,2.128829301,469.742,0,0,0,,,,,
RUN,STANDARD,1000,16,1,0,1000,1000,0,2131.931,2.131930600,469.058,0,0,0,,,,,
RUN,STANDARD,1000,17,1,0,1000,1000,0,2101.236,2.101236100,475.910,0,0,0,,,,,
RUN,STANDARD,1000,18,1,0,1000,1000,0,2123.849,2.123848699,470.843,0,0,0,,,,,
RUN,STANDARD,1000,19,1,0,1000,1000,0,2116.652,2.116651900,472.444,0,0,0,,,,,
RUN,STANDARD,1000,20,1,0,1000,1000,0,2125.432,2.125431800,470.493,0,0,0,,,,,
RUN,STANDARD,1000,21,1,0,1000,1000,0,2123.342,2.123341799,470.956,0,0,0,,,,,
RUN,STANDARD,1000,22,1,0,1000,1000,0,2124.125,2.124125101,470.782,0,0,0,,,,,
RUN,STANDARD,1000,23,1,0,1000,1000,0,2128.348,2.128348000,469.848,0,0,0,,,,,
RUN,STANDARD,1000,24,1,0,1000,1000,0,2124.581,2.124580899,470.681,0,0,0,,,,,
RUN,STANDARD,1000,25,1,0,1000,1000,0,2170.290,2.170289700,460.768,0,0,0,,,,,
RUN,STANDARD,1000,26,1,0,1000,1000,0,2150.563,2.150563000,464.995,0,0,0,,,,,
RUN,STANDARD,1000,27,1,0,1000,1000,0,2140.106,2.140106200,467.267,0,0,0,,,,,
RUN,STANDARD,1000,28,1,0,1000,1000,0,2136.981,2.136980800,467.950,0,0,0,,,,,
RUN,STANDARD,1000,29,1,0,1000,1000,0,2116.749,2.116749299,472.423,0,0,0,,,,,
RUN,STANDARD,1000,30,1,0,1000,1000,0,2138.321,2.138320901,467.657,0,0,0,,,,,
SUMMARY,STANDARD,1000,-1,1,0,,,,2130.267,2.130267099,469.425,,,,2131.169,12.428,2101.236,2170.290,12.075
RUN,STANDARD,5000,1,1,0,5000,5000,0,10614.381,2.122876180,471.059,0,0,0,,,,,
RUN,STANDARD,5000,2,1,0,5000,5000,0,10638.927,2.127785440,469.972,0,0,0,,,,,
RUN,STANDARD,5000,3,1,0,5000,5000,0,10664.697,2.132939440,468.837,0,0,0,,,,,
RUN,STANDARD,5000,4,1,0,5000,5000,0,10687.517,2.137503480,467.835,0,0,0,,,,,
RUN,STANDARD,5000,5,1,0,5000,5000,0,10790.540,2.158108040,463.369,0,0,0,,,,,
RUN,STANDARD,5000,6,1,0,5000,5000,0,10687.772,2.137554380,467.824,0,0,0,,,,,
RUN,STANDARD,5000,7,1,0,5000,5000,0,10704.060,2.140811940,467.112,0,0,0,,,,,
RUN,STANDARD,5000,8,1,0,5000,5000,0,10777.934,2.155586820,463.911,0,0,0,,,,,
RUN,STANDARD,5000,9,1,0,5000,5000,0,10747.033,2.149406660,465.245,0,0,0,,,,,
RUN,STANDARD,5000,10,1,0,5000,5000,0,10695.490,2.139097920,467.487,0,0,0,,,,,
RUN,STANDARD,5000,11,1,0,5000,5000,0,10768.695,2.153738960,464.309,0,0,0,,,,,
RUN,STANDARD,5000,12,1,0,5000,5000,0,10746.759,2.149351720,465.257,0,0,0,,,,,
RUN,STANDARD,5000,13,1,0,5000,5000,0,10845.167,2.169033420,461.035,0,0,0,,,,,
RUN,STANDARD,5000,14,1,0,5000,5000,0,10758.727,2.151745340,464.739,0,0,0,,,,,
RUN,STANDARD,5000,15,1,0,5000,5000,0,10702.899,2.140579840,467.163,0,0,0,,,,,
RUN,STANDARD,5000,16,1,0,5000,5000,0,10645.775,2.129155080,469.670,0,0,0,,,,,
RUN,STANDARD,5000,17,1,0,5000,5000,0,10712.752,2.142550300,466.733,0,0,0,,,,,
RUN,STANDARD,5000,18,1,0,5000,5000,0,10757.248,2.151449660,464.803,0,0,0,,,,,
RUN,STANDARD,5000,19,1,0,5000,5000,0,10705.839,2.141167840,467.035,0,0,0,,,,,
RUN,STANDARD,5000,20,1,0,5000,5000,0,10657.271,2.131454180,469.163,0,0,0,,,,,
RUN,STANDARD,5000,21,1,0,5000,5000,0,10650.789,2.130157800,469.449,0,0,0,,,,,
RUN,STANDARD,5000,22,1,0,5000,5000,0,10708.944,2.141788780,466.899,0,0,0,,,,,
RUN,STANDARD,5000,23,1,0,5000,5000,0,10878.689,2.175737780,459.614,0,0,0,,,,,
RUN,STANDARD,5000,24,1,0,5000,5000,0,10744.879,2.148975720,465.338,0,0,0,,,,,
RUN,STANDARD,5000,25,1,0,5000,5000,0,12433.991,2.486798180,402.124,0,0,0,,,,,
RUN,STANDARD,5000,26,1,0,5000,5000,0,11869.465,2.373893000,421.249,0,0,0,,,,,
RUN,STANDARD,5000,27,1,0,5000,5000,0,10583.667,2.116733460,472.426,0,0,0,,,,,
RUN,STANDARD,5000,28,1,0,5000,5000,0,10590.711,2.118142200,472.112,0,0,0,,,,,
RUN,STANDARD,5000,29,1,0,5000,5000,0,10554.925,2.110984920,473.713,0,0,0,,,,,
RUN,STANDARD,5000,30,1,0,5000,5000,0,10696.966,2.139393120,467.422,0,0,0,,,,,
SUMMARY,STANDARD,5000,-1,1,0,,,,10704.949,2.140989890,467.074,,,,10800.750,381.541,10554.925,12433.991,99.230
RUN,STANDARD,10000,1,1,0,10000,10000,0,21389.188,2.138918760,467.526,0,0,0,,,,,
RUN,STANDARD,10000,2,1,0,10000,10000,0,21588.477,2.158847740,463.210,0,0,0,,,,,
RUN,STANDARD,10000,3,1,0,10000,10000,0,21947.772,2.194777220,455.627,0,0,0,,,,,
RUN,STANDARD,10000,4,1,0,10000,10000,0,21771.998,2.177199840,459.306,0,0,0,,,,,
RUN,STANDARD,10000,5,1,0,10000,10000,0,21532.962,2.153296180,464.404,0,0,0,,,,,
RUN,STANDARD,10000,6,1,0,10000,10000,0,21401.129,2.140112860,467.265,0,0,0,,,,,
RUN,STANDARD,10000,7,1,0,10000,10000,0,21414.394,2.141439360,466.976,0,0,0,,,,,
RUN,STANDARD,10000,8,1,0,10000,10000,0,21364.979,2.136497930,468.056,0,0,0,,,,,
RUN,STANDARD,10000,9,1,0,10000,10000,0,21391.753,2.139175310,467.470,0,0,0,,,,,
RUN,STANDARD,10000,10,1,0,10000,10000,0,21534.515,2.153451510,464.371,0,0,0,,,,,
RUN,STANDARD,10000,11,1,0,10000,10000,0,21381.079,2.138107940,467.703,0,0,0,,,,,
RUN,STANDARD,10000,12,1,0,10000,10000,0,21629.438,2.162943790,462.333,0,0,0,,,,,
RUN,STANDARD,10000,13,1,0,10000,10000,0,21476.501,2.147650110,465.625,0,0,0,,,,,
RUN,STANDARD,10000,14,1,0,10000,10000,0,21391.068,2.139106750,467.485,0,0,0,,,,,
RUN,STANDARD,10000,15,1,0,10000,10000,0,21606.794,2.160679370,462.817,0,0,0,,,,,
RUN,STANDARD,10000,16,1,0,10000,10000,0,21405.284,2.140528400,467.174,0,0,0,,,,,
RUN,STANDARD,10000,17,1,0,10000,10000,0,21476.473,2.147647340,465.626,0,0,0,,,,,
RUN,STANDARD,10000,18,1,0,10000,10000,0,21465.932,2.146593220,465.854,0,0,0,,,,,
RUN,STANDARD,10000,19,1,0,10000,10000,0,21528.068,2.152806780,464.510,0,0,0,,,,,
RUN,STANDARD,10000,20,1,0,10000,10000,0,21483.408,2.148340810,465.475,0,0,0,,,,,
RUN,STANDARD,10000,21,1,0,10000,10000,0,21330.980,2.133097970,468.802,0,0,0,,,,,
RUN,STANDARD,10000,22,1,0,10000,10000,0,21331.624,2.133162380,468.788,0,0,0,,,,,
RUN,STANDARD,10000,23,1,0,10000,10000,0,21378.469,2.137846930,467.760,0,0,0,,,,,
RUN,STANDARD,10000,24,1,0,10000,10000,0,21372.861,2.137286100,467.883,0,0,0,,,,,
RUN,STANDARD,10000,25,1,0,10000,10000,0,21403.554,2.140355350,467.212,0,0,0,,,,,
RUN,STANDARD,10000,26,1,0,10000,10000,0,21408.991,2.140899110,467.093,0,0,0,,,,,
RUN,STANDARD,10000,27,1,0,10000,10000,0,21507.331,2.150733140,464.958,0,0,0,,,,,
RUN,STANDARD,10000,28,1,0,10000,10000,0,21396.944,2.139694360,467.356,0,0,0,,,,,
RUN,STANDARD,10000,29,1,0,10000,10000,0,21457.195,2.145719500,466.044,0,0,0,,,,,
RUN,STANDARD,10000,30,1,0,10000,10000,0,21599.369,2.159936920,462.976,0,0,0,,,,,
SUMMARY,STANDARD,10000,-1,1,0,,,,21435.794,2.143579430,466.510,,,,21478.951,134.538,21330.980,21947.772,140.499
RUN,STANDARD,50000,1,1,0,50000,50000,0,107207.664,2.144153276,466.385,0,0,0,,,,,
RUN,STANDARD,50000,2,1,0,50000,50000,0,111167.063,2.223341256,449.774,0,0,0,,,,,
RUN,STANDARD,50000,3,1,0,50000,50000,0,110417.621,2.208352422,452.826,0,0,0,,,,,
RUN,STANDARD,50000,4,1,0,50000,50000,0,110036.149,2.200722984,454.396,0,0,0,,,,,
RUN,STANDARD,50000,5,1,0,50000,50000,0,118234.420,2.364688396,422.889,0,0,0,,,,,
RUN,STANDARD,50000,6,1,0,50000,50000,0,142666.072,2.853321442,350.469,0,0,0,,,,,
RUN,STANDARD,50000,7,1,0,50000,50000,0,153993.692,3.079873834,324.689,0,0,0,,,,,
RUN,STANDARD,50000,8,1,0,50000,50000,0,101780.054,2.035601072,491.255,0,0,0,,,,,
RUN,STANDARD,50000,9,1,0,50000,50000,0,101694.305,2.033886100,491.670,0,0,0,,,,,
RUN,STANDARD,50000,10,1,0,50000,50000,0,102030.942,2.040618842,490.047,0,0,0,,,,,
RUN,STANDARD,50000,11,1,0,50000,50000,0,102455.090,2.049101800,488.019,0,0,0,,,,,
RUN,STANDARD,50000,12,1,0,50000,50000,0,107611.068,2.152221350,464.636,0,0,0,,,,,
RUN,STANDARD,50000,13,1,0,50000,50000,0,104791.323,2.095826452,477.139,0,0,0,,,,,
RUN,STANDARD,50000,14,1,0,50000,50000,0,104759.156,2.095183114,477.285,0,0,0,,,,,
RUN,STANDARD,50000,15,1,0,50000,50000,0,104640.699,2.092813984,477.826,0,0,0,,,,,
RUN,STANDARD,50000,16,1,0,50000,50000,0,105047.048,2.100940962,475.977,0,0,0,,,,,
RUN,STANDARD,50000,17,1,0,50000,50000,0,135953.279,2.719065576,367.773,0,0,0,,,,,
RUN,STANDARD,50000,18,1,0,50000,50000,0,119255.020,2.385100396,419.270,0,0,0,,,,,
RUN,STANDARD,50000,19,1,0,50000,50000,0,119067.441,2.381348810,419.930,0,0,0,,,,,
RUN,STANDARD,50000,20,1,0,50000,50000,0,102033.920,2.040678392,490.033,0,0,0,,,,,
RUN,STANDARD,50000,21,1,0,50000,50000,0,102034.256,2.040685128,490.032,0,0,0,,,,,
RUN,STANDARD,50000,22,1,0,50000,50000,0,101044.253,2.020885056,494.833,0,0,0,,,,,
RUN,STANDARD,50000,23,1,0,50000,50000,0,102504.205,2.050084092,487.785,0,0,0,,,,,
RUN,STANDARD,50000,24,1,0,50000,50000,0,104047.715,2.080954298,480.549,0,0,0,,,,,
RUN,STANDARD,50000,25,1,0,50000,50000,0,104196.118,2.083922368,479.864,0,0,0,,,,,
RUN,STANDARD,50000,26,1,0,50000,50000,0,103467.297,2.069345942,483.244,0,0,0,,,,,
RUN,STANDARD,50000,27,1,0,50000,50000,0,103839.148,2.076782952,481.514,0,0,0,,,,,
RUN,STANDARD,50000,28,1,0,50000,50000,0,101848.314,2.036966286,490.926,0,0,0,,,,,
RUN,STANDARD,50000,29,1,0,50000,50000,0,103625.641,2.072512822,482.506,0,0,0,,,,,
RUN,STANDARD,50000,30,1,0,50000,50000,0,103594.807,2.071896132,482.650,0,0,0,,,,,
SUMMARY,STANDARD,50000,-1,1,0,,,,104418.409,2.088368176,478.845,,,,109834.793,12934.832,101044.253,153993.692,7854.884
RUN,STANDARD,100000,1,1,0,100000,100000,0,204147.131,2.041471309,489.843,0,0,0,,,,,
RUN,STANDARD,100000,2,1,0,100000,100000,0,207408.896,2.074088964,482.139,0,0,0,,,,,
RUN,STANDARD,100000,3,1,0,100000,100000,0,208147.182,2.081471819,480.429,0,0,0,,,,,
RUN,STANDARD,100000,4,1,0,100000,100000,0,209719.566,2.097195658,476.827,0,0,0,,,,,
RUN,STANDARD,100000,5,1,0,100000,100000,0,209365.345,2.093653449,477.634,0,0,0,,,,,
RUN,STANDARD,100000,6,1,0,100000,100000,0,207663.528,2.076635276,481.548,0,0,0,,,,,
RUN,STANDARD,100000,7,1,0,100000,100000,0,209000.692,2.090006918,478.467,0,0,0,,,,,
RUN,STANDARD,100000,8,1,0,100000,100000,0,209527.549,2.095275491,477.264,0,0,0,,,,,
RUN,STANDARD,100000,9,1,0,100000,100000,0,209303.977,2.093039773,477.774,0,0,0,,,,,
RUN,STANDARD,100000,10,1,0,100000,100000,0,209407.160,2.094071597,477.539,0,0,0,,,,,
RUN,STANDARD,100000,11,1,0,100000,100000,0,209782.935,2.097829349,476.683,0,0,0,,,,,
RUN,STANDARD,100000,12,1,0,100000,100000,0,211601.083,2.116010834,472.587,0,0,0,,,,,
RUN,STANDARD,100000,13,1,0,100000,100000,0,210270.157,2.102701569,475.579,0,0,0,,,,,
RUN,STANDARD,100000,14,1,0,100000,100000,0,210038.935,2.100389347,476.102,0,0,0,,,,,
RUN,STANDARD,100000,15,1,0,100000,100000,0,209142.376,2.091423755,478.143,0,0,0,,,,,
RUN,STANDARD,100000,16,1,0,100000,100000,0,211803.281,2.118032806,472.136,0,0,0,,,,,
RUN,STANDARD,100000,17,1,0,100000,100000,0,208629.465,2.086294646,479.319,0,0,0,,,,,
RUN,STANDARD,100000,18,1,0,100000,100000,0,209856.971,2.098569714,476.515,0,0,0,,,,,
RUN,STANDARD,100000,19,1,0,100000,100000,0,209926.307,2.099263071,476.358,0,0,0,,,,,
RUN,STANDARD,100000,20,1,0,100000,100000,0,210170.474,2.101704739,475.804,0,0,0,,,,,
RUN,STANDARD,100000,21,1,0,100000,100000,0,207501.831,2.075018309,481.923,0,0,0,,,,,
RUN,STANDARD,100000,22,1,0,100000,100000,0,205352.128,2.053521279,486.968,0,0,0,,,,,
RUN,STANDARD,100000,23,1,0,100000,100000,0,205010.302,2.050103018,487.780,0,0,0,,,,,
RUN,STANDARD,100000,24,1,0,100000,100000,0,205576.752,2.055767518,486.436,0,0,0,,,,,
RUN,STANDARD,100000,25,1,0,100000,100000,0,205304.012,2.053040123,487.083,0,0,0,,,,,
RUN,STANDARD,100000,26,1,0,100000,100000,0,205046.128,2.050461278,487.695,0,0,0,,,,,
RUN,STANDARD,100000,27,1,0,100000,100000,0,205592.207,2.055922074,486.400,0,0,0,,,,,
RUN,STANDARD,100000,28,1,0,100000,100000,0,203547.117,2.035471171,491.287,0,0,0,,,,,
RUN,STANDARD,100000,29,1,0,100000,100000,0,206896.575,2.068965748,483.333,0,0,0,,,,,
RUN,STANDARD,100000,30,1,0,100000,100000,0,207651.932,2.076519321,481.575,0,0,0,,,,,
SUMMARY,STANDARD,100000,-1,1,0,,,,208815.078,2.088150782,478.893,,,,208079.733,2239.889,203547.117,211803.281,3848.793
RUN,HMAC_ONLY,1000,1,1,0,1000,1000,0,5925.329,5.925328600,168.767,1000,0,0,,,,,
RUN,HMAC_ONLY,1000,2,1,0,1000,1000,0,5823.860,5.823860200,171.707,1000,0,0,,,,,
RUN,HMAC_ONLY,1000,3,1,0,1000,1000,0,5829.994,5.829994000,171.527,1000,0,0,,,,,
RUN,HMAC_ONLY,1000,4,1,0,1000,1000,0,6483.024,6.483024100,154.249,1000,0,0,,,,,
RUN,HMAC_ONLY,1000,5,1,0,1000,1000,0,7622.404,7.622404200,131.192,1000,0,0,,,,,
RUN,HMAC_ONLY,1000,6,1,0,1000,1000,0,5811.232,5.811232200,172.081,1000,0,0,,,,,
RUN,HMAC_ONLY,1000,7,1,0,1000,1000,0,5803.513,5.803513400,172.309,1000,0,0,,,,,
RUN,HMAC_ONLY,1000,8,1,0,1000,1000,0,5818.226,5.818225800,171.874,1000,0,0,,,,,
RUN,HMAC_ONLY,1000,9,1,0,1000,1000,0,5815.064,5.815063700,171.967,1000,0,0,,,,,
RUN,HMAC_ONLY,1000,10,1,0,1000,1000,0,6837.418,6.837418400,146.254,1000,0,0,,,,,
RUN,HMAC_ONLY,1000,11,1,0,1000,1000,0,7173.181,7.173181100,139.408,1000,0,0,,,,,
RUN,HMAC_ONLY,1000,12,1,0,1000,1000,0,5823.634,5.823633600,171.714,1000,0,0,,,,,
RUN,HMAC_ONLY,1000,13,1,0,1000,1000,0,5907.257,5.907256700,169.283,1000,0,0,,,,,
RUN,HMAC_ONLY,1000,14,1,0,1000,1000,0,6026.007,6.026007300,165.947,1000,0,0,,,,,
RUN,HMAC_ONLY,1000,15,1,0,1000,1000,0,5886.155,5.886154700,169.890,1000,0,0,,,,,
RUN,HMAC_ONLY,1000,16,1,0,1000,1000,0,7462.439,7.462438800,134.004,1000,0,0,,,,,
RUN,HMAC_ONLY,1000,17,1,0,1000,1000,0,6686.161,6.686161000,149.563,1000,0,0,,,,,
RUN,HMAC_ONLY,1000,18,1,0,1000,1000,0,5842.159,5.842158700,171.170,1000,0,0,,,,,
RUN,HMAC_ONLY,1000,19,1,0,1000,1000,0,5810.298,5.810298200,172.108,1000,0,0,,,,,
RUN,HMAC_ONLY,1000,20,1,0,1000,1000,0,5820.100,5.820099500,171.818,1000,0,0,,,,,
RUN,HMAC_ONLY,1000,21,1,0,1000,1000,0,6032.489,6.032488800,165.769,1000,0,0,,,,,
RUN,HMAC_ONLY,1000,22,1,0,1000,1000,0,5820.947,5.820946500,171.793,1000,0,0,,,,,
RUN,HMAC_ONLY,1000,23,1,0,1000,1000,0,5898.381,5.898380700,169.538,1000,0,0,,,,,
RUN,HMAC_ONLY,1000,24,1,0,1000,1000,0,7799.938,7.799938300,128.206,1000,0,0,,,,,
RUN,HMAC_ONLY,1000,25,1,0,1000,1000,0,5812.197,5.812197200,172.052,1000,0,0,,,,,
RUN,HMAC_ONLY,1000,26,1,0,1000,1000,0,5868.738,5.868737800,170.394,1000,0,0,,,,,
RUN,HMAC_ONLY,1000,27,1,0,1000,1000,0,5833.447,5.833447200,171.425,1000,0,0,,,,,
RUN,HMAC_ONLY,1000,28,1,0,1000,1000,0,5831.949,5.831948600,171.469,1000,0,0,,,,,
RUN,HMAC_ONLY,1000,29,1,0,1000,1000,0,5820.996,5.820995700,171.792,1000,0,0,,,,,
RUN,HMAC_ONLY,1000,30,1,0,1000,1000,0,8217.914,8.217914000,121.685,1000,0,0,,,,,
SUMMARY,HMAC_ONLY,1000,-1,1,0,,,,5855.448,5.855448250,170.782,,,,6238.148,708.269,5803.513,8217.914,549.431
RUN,HMAC_ONLY,5000,1,1,0,5000,5000,0,31523.837,6.304767380,158.610,5000,0,0,,,,,
RUN,HMAC_ONLY,5000,2,1,0,5000,5000,0,31307.346,6.261469160,159.707,5000,0,0,,,,,
RUN,HMAC_ONLY,5000,3,1,0,5000,5000,0,29208.965,5.841793000,171.180,5000,0,0,,,,,
RUN,HMAC_ONLY,5000,4,1,0,5000,5000,0,31477.473,6.295494640,158.844,5000,0,0,,,,,
RUN,HMAC_ONLY,5000,5,1,0,5000,5000,0,31587.950,6.317589940,158.288,5000,0,0,,,,,
RUN,HMAC_ONLY,5000,6,1,0,5000,5000,0,31325.879,6.265175720,159.612,5000,0,0,,,,,
RUN,HMAC_ONLY,5000,7,1,0,5000,5000,0,29046.360,5.809271940,172.139,5000,0,0,,,,,
RUN,HMAC_ONLY,5000,8,1,0,5000,5000,0,31512.020,6.302404020,158.670,5000,0,0,,,,,
RUN,HMAC_ONLY,5000,9,1,0,5000,5000,0,31501.262,6.300252400,158.724,5000,0,0,,,,,
RUN,HMAC_ONLY,5000,10,1,0,5000,5000,0,31661.201,6.332240100,157.922,5000,0,0,,,,,
RUN,HMAC_ONLY,5000,11,1,0,5000,5000,0,29081.612,5.816322340,171.930,5000,0,0,,,,,
RUN,HMAC_ONLY,5000,12,1,0,5000,5000,0,31241.576,6.248315180,160.043,5000,0,0,,,,,
RUN,HMAC_ONLY,5000,13,1,0,5000,5000,0,31338.692,6.267738420,159.547,5000,0,0,,,,,
RUN,HMAC_ONLY,5000,14,1,0,5000,5000,0,31525.443,6.305088540,158.602,5000,0,0,,,,,
RUN,HMAC_ONLY,5000,15,1,0,5000,5000,0,31458.377,6.291675400,158.940,5000,0,0,,,,,
RUN,HMAC_ONLY,5000,16,1,0,5000,5000,0,31477.917,6.295583400,158.842,5000,0,0,,,,,
RUN,HMAC_ONLY,5000,17,1,0,5000,5000,0,29823.453,5.964690540,167.653,5000,0,0,,,,,
RUN,HMAC_ONLY,5000,18,1,0,5000,5000,0,58876.984,11.775396780,84.923,5000,0,0,,,,,
RUN,HMAC_ONLY,5000,19,1,0,5000,5000,0,58509.540,11.701908080,85.456,5000,0,0,,,,,
RUN,HMAC_ONLY,5000,20,1,0,5000,5000,0,29197.496,5.839499160,171.248,5000,0,0,,,,,
RUN,HMAC_ONLY,5000,21,1,0,5000,5000,0,29351.031,5.870206120,170.352,5000,0,0,,,,,
RUN,HMAC_ONLY,5000,22,1,0,5000,5000,0,29342.716,5.868543120,170.400,5000,0,0,,,,,
RUN,HMAC_ONLY,5000,23,1,0,5000,5000,0,29531.191,5.906238140,169.313,5000,0,0,,,,,
RUN,HMAC_ONLY,5000,24,1,0,5000,5000,0,29693.203,5.938640660,168.389,5000,0,0,,,,,
RUN,HMAC_ONLY,5000,25,1,0,5000,5000,0,29483.679,5.896735700,169.585,5000,0,0,,,,,
RUN,HMAC_ONLY,5000,26,1,0,5000,5000,0,29870.584,5.974116800,167.389,5000,0,0,,,,,
RUN,HMAC_ONLY,5000,27,1,0,5000,5000,0,29489.343,5.897868520,169.553,5000,0,0,,,,,
RUN,HMAC_ONLY,5000,28,1,0,5000,5000,0,29438.765,5.887752980,169.844,5000,0,0,,,,,
RUN,HMAC_ONLY,5000,29,1,0,5000,5000,0,29084.869,5.816973880,171.911,5000,0,0,,,,,
RUN,HMAC_ONLY,5000,30,1,0,5000,5000,0,31557.659,6.311531740,158.440,5000,0,0,,,,,
SUMMARY,HMAC_ONLY,5000,-1,1,0,,,,31274.461,6.254892170,159.875,,,,32317.547,7243.670,29046.360,58876.984,2059.337
RUN,HMAC_ONLY,10000,1,1,0,10000,10000,0,60735.974,6.073597420,164.647,10000,0,0,,,,,
RUN,HMAC_ONLY,10000,2,1,0,10000,10000,0,62803.176,6.280317580,159.228,10000,0,0,,,,,
RUN,HMAC_ONLY,10000,3,1,0,10000,10000,0,63183.991,6.318399070,158.268,10000,0,0,,,,,
RUN,HMAC_ONLY,10000,4,1,0,10000,10000,0,60895.459,6.089545920,164.216,10000,0,0,,,,,
RUN,HMAC_ONLY,10000,5,1,0,10000,10000,0,63666.340,6.366633950,157.069,10000,0,0,,,,,
RUN,HMAC_ONLY,10000,6,1,0,10000,10000,0,61465.345,6.146534450,162.693,10000,0,0,,,,,
RUN,HMAC_ONLY,10000,7,1,0,10000,10000,0,63804.051,6.380405130,156.730,10000,0,0,,,,,
RUN,HMAC_ONLY,10000,8,1,0,10000,10000,0,61661.231,6.166123060,162.176,10000,0,0,,,,,
RUN,HMAC_ONLY,10000,9,1,0,10000,10000,0,63958.409,6.395840860,156.352,10000,0,0,,,,,
RUN,HMAC_ONLY,10000,10,1,0,10000,10000,0,63826.821,6.382682130,156.674,10000,0,0,,,,,
RUN,HMAC_ONLY,10000,11,1,0,10000,10000,0,61319.757,6.131975710,163.080,10000,0,0,,,,,
RUN,HMAC_ONLY,10000,12,1,0,10000,10000,0,63993.486,6.399348580,156.266,10000,0,0,,,,,
RUN,HMAC_ONLY,10000,13,1,0,10000,10000,0,61482.477,6.148247700,162.648,10000,0,0,,,,,
RUN,HMAC_ONLY,10000,14,1,0,10000,10000,0,63896.600,6.389659980,156.503,10000,0,0,,,,,
RUN,HMAC_ONLY,10000,15,1,0,10000,10000,0,61603.538,6.160353780,162.328,10000,0,0,,,,,
RUN,HMAC_ONLY,10000,16,1,0,10000,10000,0,63974.906,6.397490560,156.311,10000,0,0,,,,,
RUN,HMAC_ONLY,10000,17,1,0,10000,10000,0,63802.293,6.380229340,156.734,10000,0,0,,,,,
RUN,HMAC_ONLY,10000,18,1,0,10000,10000,0,61689.214,6.168921370,162.103,10000,0,0,,,,,
RUN,HMAC_ONLY,10000,19,1,0,10000,10000,0,63757.883,6.375788250,156.843,10000,0,0,,,,,
RUN,HMAC_ONLY,10000,20,1,0,10000,10000,0,61728.336,6.172833600,162.000,10000,0,0,,,,,
RUN,HMAC_ONLY,10000,21,1,0,10000,10000,0,63629.785,6.362978460,157.159,10000,0,0,,,,,
RUN,HMAC_ONLY,10000,22,1,0,10000,10000,0,61809.284,6.180928440,161.788,10000,0,0,,,,,
RUN,HMAC_ONLY,10000,23,1,0,10000,10000,0,63707.926,6.370792620,156.966,10000,0,0,,,,,
RUN,HMAC_ONLY,10000,24,1,0,10000,10000,0,63915.805,6.391580510,156.456,10000,0,0,,,,,
RUN,HMAC_ONLY,10000,25,1,0,10000,10000,0,61503.028,6.150302820,162.594,10000,0,0,,,,,
RUN,HMAC_ONLY,10000,26,1,0,10000,10000,0,64152.477,6.415247730,155.879,10000,0,0,,,,,
RUN,HMAC_ONLY,10000,27,1,0,10000,10000,0,61985.948,6.198594810,161.327,10000,0,0,,,,,
RUN,HMAC_ONLY,10000,28,1,0,10000,10000,0,63613.545,6.361354470,157.199,10000,0,0,,,,,
RUN,HMAC_ONLY,10000,29,1,0,10000,10000,0,61916.824,6.191682430,161.507,10000,0,0,,,,,
RUN,HMAC_ONLY,10000,30,1,0,10000,10000,0,101923.078,10.192307790,98.113,10000,0,0,,,,,
SUMMARY,HMAC_ONLY,10000,-1,1,0,,,,63398.768,6.339876770,157.734,,,,64046.900,7245.132,60735.974,101923.078,2152.902
RUN,HMAC_ONLY,50000,1,1,0,50000,50000,0,291163.174,5.823263474,171.725,50000,0,0,,,,,
RUN,HMAC_ONLY,50000,2,1,0,50000,50000,0,297957.145,5.959142908,167.809,50000,0,0,,,,,
RUN,HMAC_ONLY,50000,3,1,0,50000,50000,0,303254.427,6.065088542,164.878,50000,0,0,,,,,
RUN,HMAC_ONLY,50000,4,1,0,50000,50000,0,313400.362,6.268007238,159.540,50000,0,0,,,,,
RUN,HMAC_ONLY,50000,5,1,0,50000,50000,0,310960.636,6.219212712,160.792,50000,0,0,,,,,
RUN,HMAC_ONLY,50000,6,1,0,50000,50000,0,312602.341,6.252046822,159.948,50000,0,0,,,,,
RUN,HMAC_ONLY,50000,7,1,0,50000,50000,0,314607.560,6.292151196,158.928,50000,0,0,,,,,
RUN,HMAC_ONLY,50000,8,1,0,50000,50000,0,411880.355,8.237607090,121.394,50000,0,0,,,,,
RUN,HMAC_ONLY,50000,9,1,0,50000,50000,0,298459.589,5.969191772,167.527,50000,0,0,,,,,
RUN,HMAC_ONLY,50000,10,1,0,50000,50000,0,298661.652,5.973233040,167.414,50000,0,0,,,,,
RUN,HMAC_ONLY,50000,11,1,0,50000,50000,0,303585.840,6.071716800,164.698,50000,0,0,,,,,
RUN,HMAC_ONLY,50000,12,1,0,50000,50000,0,314692.650,6.293853000,158.885,50000,0,0,,,,,
RUN,HMAC_ONLY,50000,13,1,0,50000,50000,0,315435.230,6.308704598,158.511,50000,0,0,,,,,
RUN,HMAC_ONLY,50000,14,1,0,50000,50000,0,313805.147,6.276102934,159.335,50000,0,0,,,,,
RUN,HMAC_ONLY,50000,15,1,0,50000,50000,0,315313.000,6.306259992,158.573,50000,0,0,,,,,
RUN,HMAC_ONLY,50000,16,1,0,50000,50000,0,315026.831,6.300536614,158.717,50000,0,0,,,,,
RUN,HMAC_ONLY,50000,17,1,0,50000,50000,0,310319.158,6.206383164,161.124,50000,0,0,,,,,
RUN,HMAC_ONLY,50000,18,1,0,50000,50000,0,385994.260,7.719885192,129.536,50000,0,0,,,,,
RUN,HMAC_ONLY,50000,19,1,0,50000,50000,0,291136.087,5.822721736,171.741,50000,0,0,,,,,
RUN,HMAC_ONLY,50000,20,1,0,50000,50000,0,294685.555,5.893711106,169.672,50000,0,0,,,,,
RUN,HMAC_ONLY,50000,21,1,0,50000,50000,0,311535.092,6.230701842,160.496,50000,0,0,,,,,
RUN,HMAC_ONLY,50000,22,1,0,50000,50000,0,323423.593,6.468471852,154.596,50000,0,0,,,,,
RUN,HMAC_ONLY,50000,23,1,0,50000,50000,0,315022.245,6.300444906,158.719,50000,0,0,,,,,
RUN,HMAC_ONLY,50000,24,1,0,50000,50000,0,342508.319,6.850166384,145.982,50000,0,0,,,,,
RUN,HMAC_ONLY,50000,25,1,0,50000,50000,0,338848.019,6.776960384,147.559,50000,0,0,,,,,
RUN,HMAC_ONLY,50000,26,1,0,50000,50000,0,311170.202,6.223404044,160.684,50000,0,0,,,,,
RUN,HMAC_ONLY,50000,27,1,0,50000,50000,0,315682.940,6.313658792,158.387,50000,0,0,,,,,
RUN,HMAC_ONLY,50000,28,1,0,50000,50000,0,312818.484,6.256369672,159.837,50000,0,0,,,,,
RUN,HMAC_ONLY,50000,29,1,0,50000,50000,0,316054.460,6.321089204,158.201,50000,0,0,,,,,
RUN,HMAC_ONLY,50000,30,1,0,50000,50000,0,316210.553,6.324211052,158.122,50000,0,0,,,,,
SUMMARY,HMAC_ONLY,50000,-1,1,0,,,,313602.754,6.272055086,159.437,,,,317207.163,25194.959,291136.087,411880.355,10351.843
RUN,HMAC_ONLY,100000,1,1,0,100000,100000,0,671873.135,6.718731351,148.838,100000,0,0,,,,,
RUN,HMAC_ONLY,100000,2,1,0,100000,100000,0,614004.248,6.140042484,162.865,100000,0,0,,,,,
RUN,HMAC_ONLY,100000,3,1,0,100000,100000,0,632711.544,6.327115436,158.050,100000,0,0,,,,,
RUN,HMAC_ONLY,100000,4,1,0,100000,100000,0,630794.295,6.307942954,158.530,100000,0,0,,,,,
RUN,HMAC_ONLY,100000,5,1,0,100000,100000,0,676894.277,6.768942774,147.734,100000,0,0,,,,,
RUN,HMAC_ONLY,100000,6,1,0,100000,100000,0,632189.745,6.321897453,158.180,100000,0,0,,,,,
RUN,HMAC_ONLY,100000,7,1,0,100000,100000,0,633203.209,6.332032087,157.927,100000,0,0,,,,,
RUN,HMAC_ONLY,100000,8,1,0,100000,100000,0,665814.823,6.658148233,150.192,100000,0,0,,,,,
RUN,HMAC_ONLY,100000,9,1,0,100000,100000,0,631619.872,6.316198720,158.323,100000,0,0,,,,,
RUN,HMAC_ONLY,100000,10,1,0,100000,100000,0,630466.104,6.304661039,158.613,100000,0,0,,,,,
RUN,HMAC_ONLY,100000,11,1,0,100000,100000,0,619738.371,6.197383707,161.358,100000,0,0,,,,,
RUN,HMAC_ONLY,100000,12,1,0,100000,100000,0,620760.891,6.207608911,161.093,100000,0,0,,,,,
RUN,HMAC_ONLY,100000,13,1,0,100000,100000,0,627400.804,6.274008043,159.388,100000,0,0,,,,,
RUN,HMAC_ONLY,100000,14,1,0,100000,100000,0,632957.337,6.329573372,157.989,100000,0,0,,,,,
RUN,HMAC_ONLY,100000,15,1,0,100000,100000,0,634070.861,6.340708608,157.711,100000,0,0,,,,,
RUN,HMAC_ONLY,100000,16,1,0,100000,100000,0,698513.003,6.985130033,143.161,100000,0,0,,,,,
RUN,HMAC_ONLY,100000,17,1,0,100000,100000,0,617553.677,6.175536771,161.929,100000,0,0,,,,,
RUN,HMAC_ONLY,100000,18,1,0,100000,100000,0,623898.123,6.238981229,160.283,100000,0,0,,,,,
RUN,HMAC_ONLY,100000,19,1,0,100000,100000,0,609639.978,6.096399779,164.031,100000,0,0,,,,,
RUN,HMAC_ONLY,100000,20,1,0,100000,100000,0,609284.538,6.092845381,164.127,100000,0,0,,,,,
RUN,HMAC_ONLY,100000,21,1,0,100000,100000,0,616062.259,6.160622591,162.321,100000,0,0,,,,,
RUN,HMAC_ONLY,100000,22,1,0,100000,100000,0,683569.020,6.835690204,146.291,100000,0,0,,,,,
RUN,HMAC_ONLY,100000,23,1,0,100000,100000,0,600726.947,6.007269471,166.465,100000,0,0,,,,,
RUN,HMAC_ONLY,100000,24,1,0,100000,100000,0,624726.213,6.247262130,160.070,100000,0,0,,,,,
RUN,HMAC_ONLY,100000,25,1,0,100000,100000,0,628094.338,6.280943382,159.212,100000,0,0,,,,,
RUN,HMAC_ONLY,100000,26,1,0,100000,100000,0,625032.317,6.250323170,159.992,100000,0,0,,,,,
RUN,HMAC_ONLY,100000,27,1,0,100000,100000,0,623575.483,6.235754829,160.366,100000,0,0,,,,,
RUN,HMAC_ONLY,100000,28,1,0,100000,100000,0,621751.338,6.217513379,160.836,100000,0,0,,,,,
RUN,HMAC_ONLY,100000,29,1,0,100000,100000,0,621093.489,6.210934892,161.006,100000,0,0,,,,,
RUN,HMAC_ONLY,100000,30,1,0,100000,100000,0,624987.822,6.249878216,160.003,100000,0,0,,,,,
SUMMARY,HMAC_ONLY,100000,-1,1,0,,,,626216.561,6.262165607,159.690,,,,632766.935,23066.971,600726.947,698513.003,12051.848
RUN,HMAC_CHECKPOINT,1000,1,1,100,1000,1000,0,4995.511,4.995510500,200.180,1000,0,10,,,,,
RUN,HMAC_CHECKPOINT,1000,2,1,100,1000,1000,0,3768.225,3.768224600,265.377,1000,0,10,,,,,
RUN,HMAC_CHECKPOINT,1000,3,1,100,1000,1000,0,3722.111,3.722110700,268.665,1000,0,10,,,,,
RUN,HMAC_CHECKPOINT,1000,4,1,100,1000,1000,0,3756.877,3.756877300,266.179,1000,0,10,,,,,
RUN,HMAC_CHECKPOINT,1000,5,1,100,1000,1000,0,3619.091,3.619091200,276.312,1000,0,10,,,,,
RUN,HMAC_CHECKPOINT,1000,6,1,100,1000,1000,0,3612.346,3.612345800,276.828,1000,0,10,,,,,
RUN,HMAC_CHECKPOINT,1000,7,1,100,1000,1000,0,3588.800,3.588800000,278.645,1000,0,10,,,,,
RUN,HMAC_CHECKPOINT,1000,8,1,100,1000,1000,0,3699.137,3.699136800,270.333,1000,0,10,,,,,
RUN,HMAC_CHECKPOINT,1000,9,1,100,1000,1000,0,3605.127,3.605127200,277.383,1000,0,10,,,,,
RUN,HMAC_CHECKPOINT,1000,10,1,100,1000,1000,0,3685.542,3.685542200,271.330,1000,0,10,,,,,
RUN,HMAC_CHECKPOINT,1000,11,1,100,1000,1000,0,3615.741,3.615741400,276.568,1000,0,10,,,,,
RUN,HMAC_CHECKPOINT,1000,12,1,100,1000,1000,0,3638.778,3.638778300,274.818,1000,0,10,,,,,
RUN,HMAC_CHECKPOINT,1000,13,1,100,1000,1000,0,3716.388,3.716388400,269.078,1000,0,10,,,,,
RUN,HMAC_CHECKPOINT,1000,14,1,100,1000,1000,0,3602.402,3.602402200,277.593,1000,0,10,,,,,
RUN,HMAC_CHECKPOINT,1000,15,1,100,1000,1000,0,3664.871,3.664871100,272.861,1000,0,10,,,,,
RUN,HMAC_CHECKPOINT,1000,16,1,100,1000,1000,0,3606.105,3.606105100,277.308,1000,0,10,,,,,
RUN,HMAC_CHECKPOINT,1000,17,1,100,1000,1000,0,3704.219,3.704218500,269.962,1000,0,10,,,,,
RUN,HMAC_CHECKPOINT,1000,18,1,100,1000,1000,0,3658.435,3.658435300,273.341,1000,0,10,,,,,
RUN,HMAC_CHECKPOINT,1000,19,1,100,1000,1000,0,3731.957,3.731957300,267.956,1000,0,10,,,,,
RUN,HMAC_CHECKPOINT,1000,20,1,100,1000,1000,0,4250.413,4.250413000,235.271,1000,0,10,,,,,
RUN,HMAC_CHECKPOINT,1000,21,1,100,1000,1000,0,3613.780,3.613780300,276.719,1000,0,10,,,,,
RUN,HMAC_CHECKPOINT,1000,22,1,100,1000,1000,0,3601.960,3.601959800,277.627,1000,0,10,,,,,
RUN,HMAC_CHECKPOINT,1000,23,1,100,1000,1000,0,3636.415,3.636414600,274.996,1000,0,10,,,,,
RUN,HMAC_CHECKPOINT,1000,24,1,100,1000,1000,0,3608.405,3.608404700,277.131,1000,0,10,,,,,
RUN,HMAC_CHECKPOINT,1000,25,1,100,1000,1000,0,3598.557,3.598556600,277.889,1000,0,10,,,,,
RUN,HMAC_CHECKPOINT,1000,26,1,100,1000,1000,0,3603.939,3.603939300,277.474,1000,0,10,,,,,
RUN,HMAC_CHECKPOINT,1000,27,1,100,1000,1000,0,3600.075,3.600075400,277.772,1000,0,10,,,,,
RUN,HMAC_CHECKPOINT,1000,28,1,100,1000,1000,0,3714.572,3.714572200,269.210,1000,0,10,,,,,
RUN,HMAC_CHECKPOINT,1000,29,1,100,1000,1000,0,3611.256,3.611255600,276.912,1000,0,10,,,,,
RUN,HMAC_CHECKPOINT,1000,30,1,100,1000,1000,0,3682.253,3.682252500,271.573,1000,0,10,,,,,
SUMMARY,HMAC_CHECKPOINT,1000,-1,1,100,,,,3637.596,3.637596450,274.907,,,,3717.110,270.220,3588.800,4995.511,105.304
RUN,HMAC_CHECKPOINT,5000,1,1,100,5000,5000,0,18777.016,3.755403200,266.283,5000,0,50,,,,,
RUN,HMAC_CHECKPOINT,5000,2,1,100,5000,5000,0,17997.686,3.599537180,277.813,5000,0,50,,,,,
RUN,HMAC_CHECKPOINT,5000,3,1,100,5000,5000,0,18137.694,3.627538780,275.669,5000,0,50,,,,,
RUN,HMAC_CHECKPOINT,5000,4,1,100,5000,5000,0,18318.673,3.663734580,272.946,5000,0,50,,,,,
RUN,HMAC_CHECKPOINT,5000,5,1,100,5000,5000,0,19174.720,3.834943920,260.760,5000,0,50,,,,,
RUN,HMAC_CHECKPOINT,5000,6,1,100,5000,5000,0,18050.106,3.610021240,277.007,5000,0,50,,,,,
RUN,HMAC_CHECKPOINT,5000,7,1,100,5000,5000,0,18138.832,3.627766300,275.652,5000,0,50,,,,,
RUN,HMAC_CHECKPOINT,5000,8,1,100,5000,5000,0,18089.929,3.617985880,276.397,5000,0,50,,,,,
RUN,HMAC_CHECKPOINT,5000,9,1,100,5000,5000,0,19602.082,3.920416360,255.075,5000,0,50,,,,,
RUN,HMAC_CHECKPOINT,5000,10,1,100,5000,5000,0,18059.050,3.611809900,276.869,5000,0,50,,,,,
RUN,HMAC_CHECKPOINT,5000,11,1,100,5000,5000,0,18034.919,3.606983880,277.240,5000,0,50,,,,,
RUN,HMAC_CHECKPOINT,5000,12,1,100,5000,5000,0,18270.277,3.654055320,273.669,5000,0,50,,,,,
RUN,HMAC_CHECKPOINT,5000,13,1,100,5000,5000,0,18047.611,3.609522160,277.045,5000,0,50,,,,,
RUN,HMAC_CHECKPOINT,5000,14,1,100,5000,5000,0,19171.248,3.834249620,260.807,5000,0,50,,,,,
RUN,HMAC_CHECKPOINT,5000,15,1,100,5000,5000,0,18050.739,3.610147860,276.997,5000,0,50,,,,,
RUN,HMAC_CHECKPOINT,5000,16,1,100,5000,5000,0,18081.230,3.616245980,276.530,5000,0,50,,,,,
RUN,HMAC_CHECKPOINT,5000,17,1,100,5000,5000,0,18173.591,3.634718260,275.124,5000,0,50,,,,,
RUN,HMAC_CHECKPOINT,5000,18,1,100,5000,5000,0,20001.036,4.000207140,249.987,5000,0,50,,,,,
RUN,HMAC_CHECKPOINT,5000,19,1,100,5000,5000,0,18123.824,3.624764800,275.880,5000,0,50,,,,,
RUN,HMAC_CHECKPOINT,5000,20,1,100,5000,5000,0,18187.242,3.637448420,274.918,5000,0,50,,,,,
RUN,HMAC_CHECKPOINT,5000,21,1,100,5000,5000,0,18214.973,3.642994640,274.499,5000,0,50,,,,,
RUN,HMAC_CHECKPOINT,5000,22,1,100,5000,5000,0,18788.245,3.757648920,266.124,5000,0,50,,,,,
RUN,HMAC_CHECKPOINT,5000,23,1,100,5000,5000,0,18643.431,3.728686260,268.191,5000,0,50,,,,,
RUN,HMAC_CHECKPOINT,5000,24,1,100,5000,5000,0,18103.352,3.620670460,276.192,5000,0,50,,,,,
RUN,HMAC_CHECKPOINT,5000,25,1,100,5000,5000,0,18321.989,3.664397740,272.896,5000,0,50,,,,,
RUN,HMAC_CHECKPOINT,5000,26,1,100,5000,5000,0,18297.696,3.659539280,273.258,5000,0,50,,,,,
RUN,HMAC_CHECKPOINT,5000,27,1,100,5000,5000,0,19079.343,3.815868580,262.064,5000,0,50,,,,,
RUN,HMAC_CHECKPOINT,5000,28,1,100,5000,5000,0,18040.199,3.608039840,277.159,5000,0,50,,,,,
RUN,HMAC_CHECKPOINT,5000,29,1,100,5000,5000,0,18281.789,3.656357840,273.496,5000,0,50,,,,,
RUN,HMAC_CHECKPOINT,5000,30,1,100,5000,5000,0,18065.099,3.613019860,276.777,5000,0,50,,,,,
SUMMARY,HMAC_CHECKPOINT,5000,-1,1,100,,,,18180.417,3.636083340,275.021,,,,18410.787,515.914,17997.686,20001.036,493.939
RUN,HMAC_CHECKPOINT,10000,1,1,100,10000,10000,0,36118.125,3.611812500,276.869,10000,0,100,,,,,
RUN,HMAC_CHECKPOINT,10000,2,1,100,10000,10000,0,36152.180,3.615217970,276.608,10000,0,100,,,,,
RUN,HMAC_CHECKPOINT,10000,3,1,100,10000,10000,0,36911.428,3.691142800,270.919,10000,0,100,,,,,
RUN,HMAC_CHECKPOINT,10000,4,1,100,10000,10000,0,50251.775,5.025177480,198.998,10000,0,100,,,,,
RUN,HMAC_CHECKPOINT,10000,5,1,100,10000,10000,0,56152.511,5.615251100,178.086,10000,0,100,,,,,
RUN,HMAC_CHECKPOINT,10000,6,1,100,10000,10000,0,58662.075,5.866207510,170.468,10000,0,100,,,,,
RUN,HMAC_CHECKPOINT,10000,7,1,100,10000,10000,0,53810.800,5.381079960,185.836,10000,0,100,,,,,
RUN,HMAC_CHECKPOINT,10000,8,1,100,10000,10000,0,39012.022,3.901202230,256.331,10000,0,100,,,,,
RUN,HMAC_CHECKPOINT,10000,9,1,100,10000,10000,0,36013.424,3.601342350,277.674,10000,0,100,,,,,
RUN,HMAC_CHECKPOINT,10000,10,1,100,10000,10000,0,36391.930,3.639193020,274.786,10000,0,100,,,,,
RUN,HMAC_CHECKPOINT,10000,11,1,100,10000,10000,0,36208.557,3.620855730,276.178,10000,0,100,,,,,
RUN,HMAC_CHECKPOINT,10000,12,1,100,10000,10000,0,36525.717,3.652571700,273.780,10000,0,100,,,,,
RUN,HMAC_CHECKPOINT,10000,13,1,100,10000,10000,0,36209.754,3.620975410,276.169,10000,0,100,,,,,
RUN,HMAC_CHECKPOINT,10000,14,1,100,10000,10000,0,36181.714,3.618171410,276.383,10000,0,100,,,,,
RUN,HMAC_CHECKPOINT,10000,15,1,100,10000,10000,0,36791.297,3.679129670,271.803,10000,0,100,,,,,
RUN,HMAC_CHECKPOINT,10000,16,1,100,10000,10000,0,36252.071,3.625207110,275.846,10000,0,100,,,,,
RUN,HMAC_CHECKPOINT,10000,17,1,100,10000,10000,0,35968.153,3.596815320,278.024,10000,0,100,,,,,
RUN,HMAC_CHECKPOINT,10000,18,1,100,10000,10000,0,35846.904,3.584690430,278.964,10000,0,100,,,,,
RUN,HMAC_CHECKPOINT,10000,19,1,100,10000,10000,0,36025.049,3.602504930,277.585,10000,0,100,,,,,
RUN,HMAC_CHECKPOINT,10000,20,1,100,10000,10000,0,36108.920,3.610892040,276.940,10000,0,100,,,,,
RUN,HMAC_CHECKPOINT,10000,21,1,100,10000,10000,0,35952.110,3.595210950,278.148,10000,0,100,,,,,
RUN,HMAC_CHECKPOINT,10000,22,1,100,10000,10000,0,36082.216,3.608221560,277.145,10000,0,100,,,,,
RUN,HMAC_CHECKPOINT,10000,23,1,100,10000,10000,0,36142.881,3.614288080,276.680,10000,0,100,,,,,
RUN,HMAC_CHECKPOINT,10000,24,1,100,10000,10000,0,36120.681,3.612068070,276.850,10000,0,100,,,,,
RUN,HMAC_CHECKPOINT,10000,25,1,100,10000,10000,0,35766.352,3.576635220,279.592,10000,0,100,,,,,
RUN,HMAC_CHECKPOINT,10000,26,1,100,10000,10000,0,35859.956,3.585995640,278.863,10000,0,100,,,,,
RUN,HMAC_CHECKPOINT,10000,27,1,100,10000,10000,0,36006.402,3.600640160,277.728,10000,0,100,,,,,
RUN,HMAC_CHECKPOINT,10000,28,1,100,10000,10000,0,36098.089,3.609808940,277.023,10000,0,100,,,,,
RUN,HMAC_CHECKPOINT,10000,29,1,100,10000,10000,0,36139.365,3.613936510,276.707,10000,0,100,,,,,
RUN,HMAC_CHECKPOINT,10000,30,1,100,10000,10000,0,36006.213,3.600621340,277.730,10000,0,100,,,,,
SUMMARY,HMAC_CHECKPOINT,10000,-1,1,100,,,,36141.123,3.614112295,276.693,,,,38725.622,6508.682,35766.352,58662.075,475.940
RUN,HMAC_CHECKPOINT,50000,1,1,100,50000,50000,0,180109.568,3.602191350,277.609,50000,0,500,,,,,
RUN,HMAC_CHECKPOINT,50000,2,1,100,50000,50000,0,180322.874,3.606457484,277.280,50000,0,500,,,,,
RUN,HMAC_CHECKPOINT,50000,3,1,100,50000,50000,0,180119.781,3.602395616,277.593,50000,0,500,,,,,
RUN,HMAC_CHECKPOINT,50000,4,1,100,50000,50000,0,182196.191,3.643923816,274.429,50000,0,500,,,,,
RUN,HMAC_CHECKPOINT,50000,5,1,100,50000,50000,0,184898.994,3.697979886,270.418,50000,0,500,,,,,
RUN,HMAC_CHECKPOINT,50000,6,1,100,50000,50000,0,184707.090,3.694141802,270.699,50000,0,500,,,,,
RUN,HMAC_CHECKPOINT,50000,7,1,100,50000,50000,0,186183.748,3.723674962,268.552,50000,0,500,,,,,
RUN,HMAC_CHECKPOINT,50000,8,1,100,50000,50000,0,184549.293,3.690985860,270.930,50000,0,500,,,,,
RUN,HMAC_CHECKPOINT,50000,9,1,100,50000,50000,0,184376.132,3.687522630,271.185,50000,0,500,,,,,
RUN,HMAC_CHECKPOINT,50000,10,1,100,50000,50000,0,184387.519,3.687750378,271.168,50000,0,500,,,,,
RUN,HMAC_CHECKPOINT,50000,11,1,100,50000,50000,0,187081.406,3.741628114,267.263,50000,0,500,,,,,
RUN,HMAC_CHECKPOINT,50000,12,1,100,50000,50000,0,185288.265,3.705765300,269.850,50000,0,500,,,,,
RUN,HMAC_CHECKPOINT,50000,13,1,100,50000,50000,0,184442.065,3.688841298,271.088,50000,0,500,,,,,
RUN,HMAC_CHECKPOINT,50000,14,1,100,50000,50000,0,185152.265,3.703045308,270.048,50000,0,500,,,,,
RUN,HMAC_CHECKPOINT,50000,15,1,100,50000,50000,0,184953.340,3.699066804,270.338,50000,0,500,,,,,
RUN,HMAC_CHECKPOINT,50000,16,1,100,50000,50000,0,185442.077,3.708841536,269.626,50000,0,500,,,,,
RUN,HMAC_CHECKPOINT,50000,17,1,100,50000,50000,0,187819.945,3.756398890,266.212,50000,0,500,,,,,
RUN,HMAC_CHECKPOINT,50000,18,1,100,50000,50000,0,186438.750,3.728775006,268.185,50000,0,500,,,,,
RUN,HMAC_CHECKPOINT,50000,19,1,100,50000,50000,0,184636.012,3.692720244,270.803,50000,0,500,,,,,
RUN,HMAC_CHECKPOINT,50000,20,1,100,50000,50000,0,184400.300,3.688006002,271.149,50000,0,500,,,,,
RUN,HMAC_CHECKPOINT,50000,21,1,100,50000,50000,0,186378.071,3.727561412,268.272,50000,0,500,,,,,
RUN,HMAC_CHECKPOINT,50000,22,1,100,50000,50000,0,184620.391,3.692407818,270.826,50000,0,500,,,,,
RUN,HMAC_CHECKPOINT,50000,23,1,100,50000,50000,0,187172.058,3.743441154,267.134,50000,0,500,,,,,
RUN,HMAC_CHECKPOINT,50000,24,1,100,50000,50000,0,184247.942,3.684958836,271.373,50000,0,500,,,,,
RUN,HMAC_CHECKPOINT,50000,25,1,100,50000,50000,0,187276.583,3.745531662,266.985,50000,0,500,,,,,
RUN,HMAC_CHECKPOINT,50000,26,1,100,50000,50000,0,185298.958,3.705979152,269.834,50000,0,500,,,,,
RUN,HMAC_CHECKPOINT,50000,27,1,100,50000,50000,0,185005.737,3.700114742,270.262,50000,0,500,,,,,
RUN,HMAC_CHECKPOINT,50000,28,1,100,50000,50000,0,185922.146,3.718442918,268.930,50000,0,500,,,,,
RUN,HMAC_CHECKPOINT,50000,29,1,100,50000,50000,0,184806.411,3.696128210,270.553,50000,0,500,,,,,
RUN,HMAC_CHECKPOINT,50000,30,1,100,50000,50000,0,186410.922,3.728218432,268.225,50000,0,500,,,,,
SUMMARY,HMAC_CHECKPOINT,50000,-1,1,100,,,,184926.167,3.698523345,270.378,,,,184821.494,1946.859,180109.568,187819.945,1707.606
RUN,HMAC_CHECKPOINT,100000,1,1,100,100000,100000,0,363941.207,3.639412073,274.770,100000,0,1000,,,,,
RUN,HMAC_CHECKPOINT,100000,2,1,100,100000,100000,0,368341.545,3.683415454,271.487,100000,0,1000,,,,,
RUN,HMAC_CHECKPOINT,100000,3,1,100,100000,100000,0,465022.550,4.650225495,215.043,100000,0,1000,,,,,
RUN,HMAC_CHECKPOINT,100000,4,1,100,100000,100000,0,361295.706,3.612957055,276.782,100000,0,1000,,,,,
RUN,HMAC_CHECKPOINT,100000,5,1,100,100000,100000,0,361406.377,3.614063765,276.697,100000,0,1000,,,,,
RUN,HMAC_CHECKPOINT,100000,6,1,100,100000,100000,0,362780.359,3.627803586,275.649,100000,0,1000,,,,,
RUN,HMAC_CHECKPOINT,100000,7,1,100,100000,100000,0,370074.848,3.700748481,270.216,100000,0,1000,,,,,
RUN,HMAC_CHECKPOINT,100000,8,1,100,100000,100000,0,374143.486,3.741434857,267.277,100000,0,1000,,,,,
RUN,HMAC_CHECKPOINT,100000,9,1,100,100000,100000,0,376008.325,3.760083253,265.952,100000,0,1000,,,,,
RUN,HMAC_CHECKPOINT,100000,10,1,100,100000,100000,0,376127.192,3.761271915,265.868,100000,0,1000,,,,,
RUN,HMAC_CHECKPOINT,100000,11,1,100,100000,100000,0,369813.477,3.698134767,270.407,100000,0,1000,,,,,
RUN,HMAC_CHECKPOINT,100000,12,1,100,100000,100000,0,371759.564,3.717595635,268.991,100000,0,1000,,,,,
RUN,HMAC_CHECKPOINT,100000,13,1,100,100000,100000,0,374126.071,3.741260706,267.290,100000,0,1000,,,,,
RUN,HMAC_CHECKPOINT,100000,14,1,100,100000,100000,0,373399.514,3.733995144,267.810,100000,0,1000,,,,,
RUN,HMAC_CHECKPOINT,100000,15,1,100,100000,100000,0,374765.303,3.747653030,266.834,100000,0,1000,,,,,
RUN,HMAC_CHECKPOINT,100000,16,1,100,100000,100000,0,372643.977,3.726439770,268.353,100000,0,1000,,,,,
RUN,HMAC_CHECKPOINT,100000,17,1,100,100000,100000,0,370030.575,3.700305752,270.248,100000,0,1000,,,,,
RUN,HMAC_CHECKPOINT,100000,18,1,100,100000,100000,0,371096.599,3.710965986,269.472,100000,0,1000,,,,,
RUN,HMAC_CHECKPOINT,100000,19,1,100,100000,100000,0,368668.675,3.686686752,271.246,100000,0,1000,,,,,
RUN,HMAC_CHECKPOINT,100000,20,1,100,100000,100000,0,370426.823,3.704268227,269.959,100000,0,1000,,,,,
RUN,HMAC_CHECKPOINT,100000,21,1,100,100000,100000,0,373420.651,3.734206508,267.795,100000,0,1000,,,,,
RUN,HMAC_CHECKPOINT,100000,22,1,100,100000,100000,0,467139.716,4.671397156,214.069,100000,0,1000,,,,,
RUN,HMAC_CHECKPOINT,100000,23,1,100,100000,100000,0,362449.276,3.624492759,275.901,100000,0,1000,,,,,
RUN,HMAC_CHECKPOINT,100000,24,1,100,100000,100000,0,363163.849,3.631638491,275.358,100000,0,1000,,,,,
RUN,HMAC_CHECKPOINT,100000,25,1,100,100000,100000,0,363838.756,3.638387561,274.847,100000,0,1000,,,,,
RUN,HMAC_CHECKPOINT,100000,26,1,100,100000,100000,0,364672.600,3.646725995,274.219,100000,0,1000,,,,,
RUN,HMAC_CHECKPOINT,100000,27,1,100,100000,100000,0,363080.612,3.630806115,275.421,100000,0,1000,,,,,
RUN,HMAC_CHECKPOINT,100000,28,1,100,100000,100000,0,366080.493,3.660804925,273.164,100000,0,1000,,,,,
RUN,HMAC_CHECKPOINT,100000,29,1,100,100000,100000,0,369991.908,3.699919075,270.276,100000,0,1000,,,,,
RUN,HMAC_CHECKPOINT,100000,30,1,100,100000,100000,0,370438.428,3.704384280,269.950,100000,0,1000,,,,,
SUMMARY,HMAC_CHECKPOINT,100000,-1,1,100,,,,370052.712,3.700527117,270.232,,,,375338.282,25087.637,361295.706,467139.716,9291.311
RUN,HMAC_STRICT,1000,1,1,0,1000,1000,0,7464.074,7.464073900,133.975,0,1000,0,,,,,
RUN,HMAC_STRICT,1000,2,1,0,1000,1000,0,6663.024,6.663023800,150.082,0,1000,0,,,,,
RUN,HMAC_STRICT,1000,3,1,0,1000,1000,0,8572.301,8.572301300,116.655,0,1000,0,,,,,
RUN,HMAC_STRICT,1000,4,1,0,1000,1000,0,6596.915,6.596915100,151.586,0,1000,0,,,,,
RUN,HMAC_STRICT,1000,5,1,0,1000,1000,0,6641.303,6.641302800,150.573,0,1000,0,,,,,
RUN,HMAC_STRICT,1000,6,1,0,1000,1000,0,6716.295,6.716294900,148.892,0,1000,0,,,,,
RUN,HMAC_STRICT,1000,7,1,0,1000,1000,0,6731.540,6.731540100,148.554,0,1000,0,,,,,
RUN,HMAC_STRICT,1000,8,1,0,1000,1000,0,6802.548,6.802547700,147.004,0,1000,0,,,,,
RUN,HMAC_STRICT,1000,9,1,0,1000,1000,0,8711.140,8.711140300,114.796,0,1000,0,,,,,
RUN,HMAC_STRICT,1000,10,1,0,1000,1000,0,6656.888,6.656887800,150.220,0,1000,0,,,,,
RUN,HMAC_STRICT,1000,11,1,0,1000,1000,0,6611.608,6.611608000,151.249,0,1000,0,,,,,
RUN,HMAC_STRICT,1000,12,1,0,1000,1000,0,6530.215,6.530215400,153.134,0,1000,0,,,,,
RUN,HMAC_STRICT,1000,13,1,0,1000,1000,0,6683.143,6.683142600,149.630,0,1000,0,,,,,
RUN,HMAC_STRICT,1000,14,1,0,1000,1000,0,6841.852,6.841851900,146.159,0,1000,0,,,,,
RUN,HMAC_STRICT,1000,15,1,0,1000,1000,0,8103.773,8.103772700,123.399,0,1000,0,,,,,
RUN,HMAC_STRICT,1000,16,1,0,1000,1000,0,7431.151,7.431150500,134.569,0,1000,0,,,,,
RUN,HMAC_STRICT,1000,17,1,0,1000,1000,0,6653.548,6.653548100,150.296,0,1000,0,,,,,
RUN,HMAC_STRICT,1000,18,1,0,1000,1000,0,6656.761,6.656760900,150.223,0,1000,0,,,,,
RUN,HMAC_STRICT,1000,19,1,0,1000,1000,0,6761.959,6.761959000,147.886,0,1000,0,,,,,
RUN,HMAC_STRICT,1000,20,1,0,1000,1000,0,6771.928,6.771928100,147.668,0,1000,0,,,,,
RUN,HMAC_STRICT,1000,21,1,0,1000,1000,0,8545.503,8.545502500,117.021,0,1000,0,,,,,
RUN,HMAC_STRICT,1000,22,1,0,1000,1000,0,6640.633,6.640632900,150.588,0,1000,0,,,,,
RUN,HMAC_STRICT,1000,23,1,0,1000,1000,0,6674.311,6.674310700,149.828,0,1000,0,,,,,
RUN,HMAC_STRICT,1000,24,1,0,1000,1000,0,6619.481,6.619481100,151.069,0,1000,0,,,,,
RUN,HMAC_STRICT,1000,25,1,0,1000,1000,0,6772.822,6.772822200,147.649,0,1000,0,,,,,
RUN,HMAC_STRICT,1000,26,1,0,1000,1000,0,7648.150,7.648149900,130.751,0,1000,0,,,,,
RUN,HMAC_STRICT,1000,27,1,0,1000,1000,0,7598.252,7.598251900,131.609,0,1000,0,,,,,
RUN,HMAC_STRICT,1000,28,1,0,1000,1000,0,6702.853,6.702853400,149.190,0,1000,0,,,,,
RUN,HMAC_STRICT,1000,29,1,0,1000,1000,0,6640.676,6.640675900,150.587,0,1000,0,,,,,
RUN,HMAC_STRICT,1000,30,1,0,1000,1000,0,6679.800,6.679800100,149.705,0,1000,0,,,,,
SUMMARY,HMAC_STRICT,1000,-1,1,0,,,,6709.574,6.709574150,149.041,,,,7037.482,655.300,6530.215,8711.140,629.475
RUN,HMAC_STRICT,5000,1,1,0,5000,5000,0,35486.501,7.097300200,140.899,0,5000,0,,,,,
RUN,HMAC_STRICT,5000,2,1,0,5000,5000,0,35051.214,7.010242800,142.648,0,5000,0,,,,,
RUN,HMAC_STRICT,5000,3,1,0,5000,5000,0,33810.538,6.762107600,147.883,0,5000,0,,,,,
RUN,HMAC_STRICT,5000,4,1,0,5000,5000,0,35457.512,7.091502400,141.014,0,5000,0,,,,,
RUN,HMAC_STRICT,5000,5,1,0,5000,5000,0,35430.939,7.086187720,141.120,0,5000,0,,,,,
RUN,HMAC_STRICT,5000,6,1,0,5000,5000,0,35782.810,7.156561900,139.732,0,5000,0,,,,,
RUN,HMAC_STRICT,5000,7,1,0,5000,5000,0,35426.404,7.085280740,141.138,0,5000,0,,,,,
RUN,HMAC_STRICT,5000,8,1,0,5000,5000,0,33692.047,6.738409380,148.403,0,5000,0,,,,,
RUN,HMAC_STRICT,5000,9,1,0,5000,5000,0,34870.917,6.974183480,143.386,0,5000,0,,,,,
RUN,HMAC_STRICT,5000,10,1,0,5000,5000,0,37688.653,7.537730520,132.666,0,5000,0,,,,,
RUN,HMAC_STRICT,5000,11,1,0,5000,5000,0,36267.681,7.253536120,137.864,0,5000,0,,,,,
RUN,HMAC_STRICT,5000,12,1,0,5000,5000,0,38140.724,7.628144860,131.093,0,5000,0,,,,,
RUN,HMAC_STRICT,5000,13,1,0,5000,5000,0,35132.339,7.026467800,142.319,0,5000,0,,,,,
RUN,HMAC_STRICT,5000,14,1,0,5000,5000,0,35474.322,7.094864300,140.947,0,5000,0,,,,,
RUN,HMAC_STRICT,5000,15,1,0,5000,5000,0,35570.631,7.114126100,140.565,0,5000,0,,,,,
RUN,HMAC_STRICT,5000,16,1,0,5000,5000,0,34340.412,6.868082320,145.601,0,5000,0,,,,,
RUN,HMAC_STRICT,5000,17,1,0,5000,5000,0,34266.974,6.853394760,145.913,0,5000,0,,,,,
RUN,HMAC_STRICT,5000,18,1,0,5000,5000,0,35474.376,7.094875260,140.947,0,5000,0,,,,,
RUN,HMAC_STRICT,5000,19,1,0,5000,5000,0,35561.006,7.112201240,140.603,0,5000,0,,,,,
RUN,HMAC_STRICT,5000,20,1,0,5000,5000,0,35639.412,7.127882400,140.294,0,5000,0,,,,,
RUN,HMAC_STRICT,5000,21,1,0,5000,5000,0,35719.981,7.143996100,139.978,0,5000,0,,,,,
RUN,HMAC_STRICT,5000,22,1,0,5000,5000,0,34391.060,6.878211900,145.387,0,5000,0,,,,,
RUN,HMAC_STRICT,5000,23,1,0,5000,5000,0,34505.182,6.901036400,144.906,0,5000,0,,,,,
RUN,HMAC_STRICT,5000,24,1,0,5000,5000,0,35500.164,7.100032820,140.844,0,5000,0,,,,,
RUN,HMAC_STRICT,5000,25,1,0,5000,5000,0,35757.267,7.151453300,139.832,0,5000,0,,,,,
RUN,HMAC_STRICT,5000,26,1,0,5000,5000,0,35711.683,7.142336520,140.010,0,5000,0,,,,,
RUN,HMAC_STRICT,5000,27,1,0,5000,5000,0,35583.600,7.116720040,140.514,0,5000,0,,,,,
RUN,HMAC_STRICT,5000,28,1,0,5000,5000,0,33358.539,6.671707740,149.887,0,5000,0,,,,,
RUN,HMAC_STRICT,5000,29,1,0,5000,5000,0,35347.003,7.069400500,141.455,0,5000,0,,,,,
RUN,HMAC_STRICT,5000,30,1,0,5000,5000,0,35418.790,7.083757900,141.168,0,5000,0,,,,,
SUMMARY,HMAC_STRICT,5000,-1,1,0,,,,35465.917,7.093183350,140.980,,,,35328.623,988.126,33358.539,38140.724,709.467
RUN,HMAC_STRICT,10000,1,1,0,10000,10000,0,68172.626,6.817262580,146.686,0,10000,0,,,,,
RUN,HMAC_STRICT,10000,2,1,0,10000,10000,0,69867.323,6.986732300,143.128,0,10000,0,,,,,
RUN,HMAC_STRICT,10000,3,1,0,10000,10000,0,70958.668,7.095866820,140.927,0,10000,0,,,,,
RUN,HMAC_STRICT,10000,4,1,0,10000,10000,0,70080.018,7.008001770,142.694,0,10000,0,,,,,
RUN,HMAC_STRICT,10000,5,1,0,10000,10000,0,70116.769,7.011676880,142.619,0,10000,0,,,,,
RUN,HMAC_STRICT,10000,6,1,0,10000,10000,0,70818.603,7.081860330,141.206,0,10000,0,,,,,
RUN,HMAC_STRICT,10000,7,1,0,10000,10000,0,70293.238,7.029323790,142.261,0,10000,0,,,,,
RUN,HMAC_STRICT,10000,8,1,0,10000,10000,0,71944.223,7.194422300,138.997,0,10000,0,,,,,
RUN,HMAC_STRICT,10000,9,1,0,10000,10000,0,72511.479,7.251147860,137.909,0,10000,0,,,,,
RUN,HMAC_STRICT,10000,10,1,0,10000,10000,0,69692.195,6.969219470,143.488,0,10000,0,,,,,
RUN,HMAC_STRICT,10000,11,1,0,10000,10000,0,71735.013,7.173501280,139.402,0,10000,0,,,,,
RUN,HMAC_STRICT,10000,12,1,0,10000,10000,0,71839.234,7.183923380,139.200,0,10000,0,,,,,
RUN,HMAC_STRICT,10000,13,1,0,10000,10000,0,72043.805,7.204380480,138.804,0,10000,0,,,,,
RUN,HMAC_STRICT,10000,14,1,0,10000,10000,0,70064.547,7.006454740,142.726,0,10000,0,,,,,
RUN,HMAC_STRICT,10000,15,1,0,10000,10000,0,72654.459,7.265445920,137.638,0,10000,0,,,,,
RUN,HMAC_STRICT,10000,16,1,0,10000,10000,0,71791.522,7.179152170,139.292,0,10000,0,,,,,
RUN,HMAC_STRICT,10000,17,1,0,10000,10000,0,69799.272,6.979927160,143.268,0,10000,0,,,,,
RUN,HMAC_STRICT,10000,18,1,0,10000,10000,0,72178.709,7.217870850,138.545,0,10000,0,,,,,
RUN,HMAC_STRICT,10000,19,1,0,10000,10000,0,72706.551,7.270655140,137.539,0,10000,0,,,,,
RUN,HMAC_STRICT,10000,20,1,0,10000,10000,0,70022.556,7.002255630,142.811,0,10000,0,,,,,
RUN,HMAC_STRICT,10000,21,1,0,10000,10000,0,72314.158,7.231415770,138.286,0,10000,0,,,,,
RUN,HMAC_STRICT,10000,22,1,0,10000,10000,0,71524.772,7.152477230,139.812,0,10000,0,,,,,
RUN,HMAC_STRICT,10000,23,1,0,10000,10000,0,70183.167,7.018316710,142.484,0,10000,0,,,,,
RUN,HMAC_STRICT,10000,24,1,0,10000,10000,0,71874.988,7.187498780,139.130,0,10000,0,,,,,
RUN,HMAC_STRICT,10000,25,1,0,10000,10000,0,70013.607,7.001360730,142.829,0,10000,0,,,,,
RUN,HMAC_STRICT,10000,26,1,0,10000,10000,0,69631.048,6.963104780,143.614,0,10000,0,,,,,
RUN,HMAC_STRICT,10000,27,1,0,10000,10000,0,70216.452,7.021645210,142.417,0,10000,0,,,,,
RUN,HMAC_STRICT,10000,28,1,0,10000,10000,0,67854.747,6.785474650,147.374,0,10000,0,,,,,
RUN,HMAC_STRICT,10000,29,1,0,10000,10000,0,88199.188,8.819918800,113.380,0,10000,0,,,,,
RUN,HMAC_STRICT,10000,30,1,0,10000,10000,0,118038.213,11.803821300,84.718,0,10000,0,,,,,
SUMMARY,HMAC_STRICT,10000,-1,1,0,,,,70888.636,7.088863575,141.066,,,,72971.372,9169.291,67854.747,118038.213,1985.855
RUN,HMAC_STRICT,50000,1,1,0,50000,50000,0,336471.622,6.729432436,148.601,0,50000,0,,,,,
RUN,HMAC_STRICT,50000,2,1,0,50000,50000,0,339020.724,6.780414480,147.484,0,50000,0,,,,,
RUN,HMAC_STRICT,50000,3,1,0,50000,50000,0,356946.050,7.138920998,140.077,0,50000,0,,,,,
RUN,HMAC_STRICT,50000,4,1,0,50000,50000,0,353472.746,7.069454918,141.454,0,50000,0,,,,,
RUN,HMAC_STRICT,50000,5,1,0,50000,50000,0,348632.032,6.972640634,143.418,0,50000,0,,,,,
RUN,HMAC_STRICT,50000,6,1,0,50000,50000,0,347914.912,6.958298232,143.713,0,50000,0,,,,,
RUN,HMAC_STRICT,50000,7,1,0,50000,50000,0,346104.727,6.922094542,144.465,0,50000,0,,,,,
RUN,HMAC_STRICT,50000,8,1,0,50000,50000,0,347826.342,6.956526834,143.750,0,50000,0,,,,,
RUN,HMAC_STRICT,50000,9,1,0,50000,50000,0,348793.870,6.975877400,143.351,0,50000,0,,,,,
RUN,HMAC_STRICT,50000,10,1,0,50000,50000,0,354437.853,7.088757068,141.068,0,50000,0,,,,,
RUN,HMAC_STRICT,50000,11,1,0,50000,50000,0,352460.133,7.049202668,141.860,0,50000,0,,,,,
RUN,HMAC_STRICT,50000,12,1,0,50000,50000,0,353958.653,7.079173064,141.259,0,50000,0,,,,,
RUN,HMAC_STRICT,50000,13,1,0,50000,50000,0,352590.966,7.051819326,141.807,0,50000,0,,,,,
RUN,HMAC_STRICT,50000,14,1,0,50000,50000,0,351964.732,7.039294632,142.060,0,50000,0,,,,,
RUN,HMAC_STRICT,50000,15,1,0,50000,50000,0,350469.369,7.009387384,142.666,0,50000,0,,,,,
RUN,HMAC_STRICT,50000,16,1,0,50000,50000,0,351305.833,7.026116664,142.326,0,50000,0,,,,,
RUN,HMAC_STRICT,50000,17,1,0,50000,50000,0,347566.730,6.951334592,143.857,0,50000,0,,,,,
RUN,HMAC_STRICT,50000,18,1,0,50000,50000,0,348736.169,6.974723384,143.375,0,50000,0,,,,,
RUN,HMAC_STRICT,50000,19,1,0,50000,50000,0,348984.865,6.979697304,143.273,0,50000,0,,,,,
RUN,HMAC_STRICT,50000,20,1,0,50000,50000,0,350079.390,7.001587798,142.825,0,50000,0,,,,,
RUN,HMAC_STRICT,50000,21,1,0,50000,50000,0,338668.720,6.773374408,147.637,0,50000,0,,,,,
RUN,HMAC_STRICT,50000,22,1,0,50000,50000,0,340155.058,6.803101156,146.992,0,50000,0,,,,,
RUN,HMAC_STRICT,50000,23,1,0,50000,50000,0,340688.194,6.813763884,146.762,0,50000,0,,,,,
RUN,HMAC_STRICT,50000,24,1,0,50000,50000,0,340226.635,6.804532692,146.961,0,50000,0,,,,,
RUN,HMAC_STRICT,50000,25,1,0,50000,50000,0,351674.413,7.033488266,142.177,0,50000,0,,,,,
RUN,HMAC_STRICT,50000,26,1,0,50000,50000,0,350810.258,7.016205154,142.527,0,50000,0,,,,,
RUN,HMAC_STRICT,50000,27,1,0,50000,50000,0,351126.114,7.022522274,142.399,0,50000,0,,,,,
RUN,HMAC_STRICT,50000,28,1,0,50000,50000,0,349724.670,6.994493394,142.970,0,50000,0,,,,,
RUN,HMAC_STRICT,50000,29,1,0,50000,50000,0,350836.811,7.016736214,142.516,0,50000,0,,,,,
RUN,HMAC_STRICT,50000,30,1,0,50000,50000,0,349716.749,6.994334972,142.973,0,50000,0,,,,,
SUMMARY,HMAC_STRICT,50000,-1,1,0,,,,349720.709,6.994414183,142.971,,,,348378.845,5213.383,336471.622,356946.050,3950.636
RUN,HMAC_STRICT,100000,1,1,0,100000,100000,0,679100.030,6.791000296,147.254,0,100000,0,,,,,
RUN,HMAC_STRICT,100000,2,1,0,100000,100000,0,696460.124,6.964601244,143.583,0,100000,0,,,,,
RUN,HMAC_STRICT,100000,3,1,0,100000,100000,0,709456.366,7.094563662,140.953,0,100000,0,,,,,
RUN,HMAC_STRICT,100000,4,1,0,100000,100000,0,711545.108,7.115451080,140.539,0,100000,0,,,,,
RUN,HMAC_STRICT,100000,5,1,0,100000,100000,0,699635.117,6.996351169,142.932,0,100000,0,,,,,
RUN,HMAC_STRICT,100000,6,1,0,100000,100000,0,759758.935,7.597589345,131.621,0,100000,0,,,,,
RUN,HMAC_STRICT,100000,7,1,0,100000,100000,0,698032.718,6.980327176,143.260,0,100000,0,,,,,
RUN,HMAC_STRICT,100000,8,1,0,100000,100000,0,707176.795,7.071767947,141.407,0,100000,0,,,,,
RUN,HMAC_STRICT,100000,9,1,0,100000,100000,0,709890.728,7.098907279,140.867,0,100000,0,,,,,
RUN,HMAC_STRICT,100000,10,1,0,100000,100000,0,698670.562,6.986705621,143.129,0,100000,0,,,,,
RUN,HMAC_STRICT,100000,11,1,0,100000,100000,0,698685.752,6.986857516,143.126,0,100000,0,,,,,
RUN,HMAC_STRICT,100000,12,1,0,100000,100000,0,700407.155,7.004071551,142.774,0,100000,0,,,,,
RUN,HMAC_STRICT,100000,13,1,0,100000,100000,0,704501.047,7.045010466,141.944,0,100000,0,,,,,
RUN,HMAC_STRICT,100000,14,1,0,100000,100000,0,704136.827,7.041368267,142.018,0,100000,0,,,,,
RUN,HMAC_STRICT,100000,15,1,0,100000,100000,0,705251.549,7.052515491,141.793,0,100000,0,,,,,
RUN,HMAC_STRICT,100000,16,1,0,100000,100000,0,814221.555,8.142215554,122.817,0,100000,0,,,,,
RUN,HMAC_STRICT,100000,17,1,0,100000,100000,0,683547.495,6.835474950,146.296,0,100000,0,,,,,
RUN,HMAC_STRICT,100000,18,1,0,100000,100000,0,707834.363,7.078343630,141.276,0,100000,0,,,,,
RUN,HMAC_STRICT,100000,19,1,0,100000,100000,0,709063.920,7.090639198,141.031,0,100000,0,,,,,
RUN,HMAC_STRICT,100000,20,1,0,100000,100000,0,698394.717,6.983947167,143.186,0,100000,0,,,,,
RUN,HMAC_STRICT,100000,21,1,0,100000,100000,0,697588.467,6.975884665,143.351,0,100000,0,,,,,
RUN,HMAC_STRICT,100000,22,1,0,100000,100000,0,696586.174,6.965861741,143.557,0,100000,0,,,,,
RUN,HMAC_STRICT,100000,23,1,0,100000,100000,0,705380.483,7.053804826,141.767,0,100000,0,,,,,
RUN,HMAC_STRICT,100000,24,1,0,100000,100000,0,703895.414,7.038954139,142.067,0,100000,0,,,,,
RUN,HMAC_STRICT,100000,25,1,0,100000,100000,0,703174.188,7.031741879,142.212,0,100000,0,,,,,
RUN,HMAC_STRICT,100000,26,1,0,100000,100000,0,719211.382,7.192113820,139.041,0,100000,0,,,,,
RUN,HMAC_STRICT,100000,27,1,0,100000,100000,0,819822.596,8.198225956,121.978,0,100000,0,,,,,
RUN,HMAC_STRICT,100000,28,1,0,100000,100000,0,694804.419,6.948044185,143.925,0,100000,0,,,,,
RUN,HMAC_STRICT,100000,29,1,0,100000,100000,0,718851.812,7.188518116,139.111,0,100000,0,,,,,
RUN,HMAC_STRICT,100000,30,1,0,100000,100000,0,705700.828,7.057008283,141.703,0,100000,0,,,,,
SUMMARY,HMAC_STRICT,100000,-1,1,0,,,,704318.937,7.043189367,141.981,,,,712026.221,31515.006,679100.030,819822.596,10894.577
