mode,n_ops,repeat,total_ms,avg_ms_per_op,tps,threads,mean_ms,stddev_ms,min_ms,max_ms,iqr_ms,k_value
STANDARD,1000,1,5273.811,5.273811,189.62,1,,,,,,
STANDARD,1000,2,5243.548,5.243548,190.71,1,,,,,,
STANDARD,1000,3,5112.860,5.112860,195.59,1,,,,,,
STANDARD,1000,4,5247.259,5.247259,190.58,1,,,,,,
STANDARD,1000,5,3368.292,3.368292,296.89,1,,,,,,
STANDARD,1000,6,3683.781,3.683781,271.46,1,,,,,,
STANDARD,1000,7,3395.285,3.395285,294.53,1,,,,,,
STANDARD,1000,8,3219.664,3.219664,310.59,1,,,,,,
STANDARD,1000,9,3232.704,3.232704,309.34,1,,,,,,
STANDARD,1000,10,3418.964,3.418964,292.49,1,,,,,,
STANDARD,1000,11,3339.270,3.339270,299.47,1,,,,,,
STANDARD,1000,12,3399.916,3.399916,294.12,1,,,,,,
STANDARD,1000,13,3346.520,3.346520,298.82,1,,,,,,
STANDARD,1000,14,3285.777,3.285777,304.34,1,,,,,,
STANDARD,1000,15,3336.702,3.336702,299.70,1,,,,,,
STANDARD,1000,16,3527.952,3.527952,283.45,1,,,,,,
STANDARD,1000,17,3348.872,3.348872,298.61,1,,,,,,
STANDARD,1000,18,3275.760,3.275760,305.27,1,,,,,,
STANDARD,1000,19,3229.503,3.229503,309.65,1,,,,,,
STANDARD,1000,20,3301.375,3.301375,302.90,1,,,,,,
STANDARD,1000,21,3557.267,3.557267,281.11,1,,,,,,
STANDARD,1000,22,3280.376,3.280376,304.84,1,,,,,,
STANDARD,1000,23,3259.109,3.259109,306.83,1,,,,,,
STANDARD,1000,24,3261.264,3.261264,306.63,1,,,,,,
STANDARD,1000,25,3201.671,3.201671,312.34,1,,,,,,
STANDARD,1000,26,3216.703,3.216703,310.88,1,,,,,,
STANDARD,1000,27,3228.660,3.228660,309.73,1,,,,,,
STANDARD,1000,28,3373.684,3.373684,296.41,1,,,,,,
STANDARD,1000,29,3261.820,3.261820,306.58,1,,,,,,
STANDARD,1000,30,3259.866,3.259866,306.76,1,,,,,,
STANDARD,1000,-1,3337.986,3.337986,299.58,1,3582.941,662.055,3201.671,5273.811,153.986,
STANDARD,5000,1,16341.963,3.268393,305.96,1,,,,,,
STANDARD,5000,2,16301.088,3.260218,306.73,1,,,,,,
STANDARD,5000,3,16305.694,3.261139,306.64,1,,,,,,
STANDARD,5000,4,16240.320,3.248064,307.88,1,,,,,,
STANDARD,5000,5,16358.496,3.271699,305.65,1,,,,,,
STANDARD,5000,6,16026.287,3.205257,311.99,1,,,,,,
STANDARD,5000,7,16266.678,3.253336,307.38,1,,,,,,
STANDARD,5000,8,16306.068,3.261214,306.63,1,,,,,,
STANDARD,5000,9,16309.667,3.261933,306.57,1,,,,,,
STANDARD,5000,10,16210.225,3.242045,308.45,1,,,,,,
STANDARD,5000,11,16294.351,3.258870,306.85,1,,,,,,
STANDARD,5000,12,16297.751,3.259550,306.79,1,,,,,,
STANDARD,5000,13,16167.287,3.233457,309.27,1,,,,,,
STANDARD,5000,14,16234.400,3.246880,307.99,1,,,,,,
STANDARD,5000,15,16480.690,3.296138,303.39,1,,,,,,
STANDARD,5000,16,16316.858,3.263372,306.43,1,,,,,,
STANDARD,5000,17,16256.646,3.251329,307.57,1,,,,,,
STANDARD,5000,18,16223.047,3.244609,308.20,1,,,,,,
STANDARD,5000,19,16256.736,3.251347,307.56,1,,,,,,
STANDARD,5000,20,16346.491,3.269298,305.88,1,,,,,,
STANDARD,5000,21,16266.366,3.253273,307.38,1,,,,,,
STANDARD,5000,22,16199.586,3.239917,308.65,1,,,,,,
STANDARD,5000,23,16163.661,3.232732,309.34,1,,,,,,
STANDARD,5000,24,16289.308,3.257862,306.95,1,,,,,,
STANDARD,5000,25,16237.774,3.247555,307.92,1,,,,,,
STANDARD,5000,26,16167.718,3.233544,309.26,1,,,,,,
STANDARD,5000,27,16272.728,3.254546,307.26,1,,,,,,
STANDARD,5000,28,16244.649,3.248930,307.79,1,,,,,,
STANDARD,5000,29,16132.340,3.226468,309.94,1,,,,,,
STANDARD,5000,30,16187.980,3.237596,308.87,1,,,,,,
STANDARD,5000,-1,16261.551,3.252310,307.47,1,16256.762,82.918,16026.287,16480.690,91.112,
STANDARD,10000,1,32471.649,3.247165,307.96,1,,,,,,
STANDARD,10000,2,32314.371,3.231437,309.46,1,,,,,,
STANDARD,10000,3,32335.892,3.233589,309.25,1,,,,,,
STANDARD,10000,4,32133.877,3.213388,311.20,1,,,,,,
STANDARD,10000,5,32402.301,3.240230,308.62,1,,,,,,
STANDARD,10000,6,32378.511,3.237851,308.85,1,,,,,,
STANDARD,10000,7,32465.832,3.246583,308.02,1,,,,,,
STANDARD,10000,8,32307.846,3.230785,309.52,1,,,,,,
STANDARD,10000,9,32533.672,3.253367,307.37,1,,,,,,
STANDARD,10000,10,32593.959,3.259396,306.81,1,,,,,,
STANDARD,10000,11,32314.833,3.231483,309.46,1,,,,,,
STANDARD,10000,12,32596.931,3.259693,306.78,1,,,,,,
STANDARD,10000,13,32488.728,3.248873,307.80,1,,,,,,
STANDARD,10000,14,32478.080,3.247808,307.90,1,,,,,,
STANDARD,10000,15,32438.056,3.243806,308.28,1,,,,,,
STANDARD,10000,16,32586.044,3.258604,306.88,1,,,,,,
STANDARD,10000,17,32478.150,3.247815,307.90,1,,,,,,
STANDARD,10000,18,32566.748,3.256675,307.06,1,,,,,,
STANDARD,10000,19,34748.078,3.474808,287.79,1,,,,,,
STANDARD,10000,20,41984.110,4.198411,238.19,1,,,,,,
STANDARD,10000,21,45186.711,4.518671,221.30,1,,,,,,
STANDARD,10000,22,45578.211,4.557821,219.40,1,,,,,,
STANDARD,10000,23,35690.063,3.569006,280.19,1,,,,,,
STANDARD,10000,24,44538.451,4.453845,224.53,1,,,,,,
STANDARD,10000,25,37120.702,3.712070,269.39,1,,,,,,
STANDARD,10000,26,42562.723,4.256272,234.95,1,,,,,,
STANDARD,10000,27,35856.944,3.585694,278.89,1,,,,,,
STANDARD,10000,28,32279.742,3.227974,309.79,1,,,,,,
STANDARD,10000,29,31876.238,3.187624,313.71,1,,,,,,
STANDARD,10000,30,31253.147,3.125315,319.97,1,,,,,,
STANDARD,10000,-1,32483.439,3.248344,307.85,1,34752.020,4418.406,31253.147,45578.211,3108.020,
STANDARD,50000,1,157036.017,3.140720,318.40,1,,,,,,
STANDARD,50000,2,158053.727,3.161075,316.35,1,,,,,,
STANDARD,50000,3,161265.305,3.225306,310.05,1,,,,,,
STANDARD,50000,4,157483.397,3.149668,317.49,1,,,,,,
STANDARD,50000,5,157871.954,3.157439,316.71,1,,,,,,
STANDARD,50000,6,159754.842,3.195097,312.98,1,,,,,,
STANDARD,50000,7,161155.185,3.223104,310.26,1,,,,,,
STANDARD,50000,8,164049.597,3.280992,304.79,1,,,,,,
STANDARD,50000,9,188611.710,3.772234,265.09,1,,,,,,
STANDARD,50000,10,199740.239,3.994805,250.33,1,,,,,,
STANDARD,50000,11,186551.958,3.731039,268.02,1,,,,,,
STANDARD,50000,12,159472.118,3.189442,313.53,1,,,,,,
STANDARD,50000,13,159453.026,3.189061,313.57,1,,,,,,
STANDARD,50000,14,162988.617,3.259772,306.77,1,,,,,,
STANDARD,50000,15,159971.357,3.199427,312.56,1,,,,,,
STANDARD,50000,16,161435.272,3.228705,309.72,1,,,,,,
STANDARD,50000,17,163754.455,3.275089,305.34,1,,,,,,
STANDARD,50000,18,161109.054,3.222181,310.35,1,,,,,,
STANDARD,50000,19,164132.538,3.282651,304.63,1,,,,,,
STANDARD,50000,20,162123.123,3.242462,308.41,1,,,,,,
STANDARD,50000,21,162773.243,3.255465,307.18,1,,,,,,
STANDARD,50000,22,162194.990,3.243900,308.27,1,,,,,,
STANDARD,50000,23,161783.554,3.235671,309.05,1,,,,,,
STANDARD,50000,24,186981.831,3.739637,267.41,1,,,,,,
STANDARD,50000,25,213727.543,4.274551,233.94,1,,,,,,
STANDARD,50000,26,160158.351,3.203167,312.19,1,,,,,,
STANDARD,50000,27,159977.920,3.199558,312.54,1,,,,,,
STANDARD,50000,28,159952.272,3.199045,312.59,1,,,,,,
STANDARD,50000,29,159910.026,3.198201,312.68,1,,,,,,
STANDARD,50000,30,160011.495,3.200230,312.48,1,,,,,,
STANDARD,50000,-1,161210.245,3.224205,310.15,1,166449.490,13867.291,157036.017,213727.543,3642.408,
STANDARD,100000,1,324830.595,3.248306,307.85,1,,,,,,
STANDARD,100000,2,325312.588,3.253126,307.40,1,,,,,,
STANDARD,100000,3,327730.711,3.277307,305.13,1,,,,,,
STANDARD,100000,4,331078.873,3.310789,302.04,1,,,,,,
STANDARD,100000,5,332263.462,3.322635,300.97,1,,,,,,
STANDARD,100000,6,327436.356,3.274364,305.40,1,,,,,,
STANDARD,100000,7,324154.394,3.241544,308.49,1,,,,,,
STANDARD,100000,8,324490.228,3.244902,308.18,1,,,,,,
STANDARD,100000,9,324962.681,3.249627,307.73,1,,,,,,
STANDARD,100000,10,378443.355,3.784434,264.24,1,,,,,,
STANDARD,100000,11,324998.833,3.249988,307.69,1,,,,,,
STANDARD,100000,12,320144.927,3.201449,312.36,1,,,,,,
STANDARD,100000,13,320229.914,3.202299,312.28,1,,,,,,
STANDARD,100000,14,324934.722,3.249347,307.75,1,,,,,,
STANDARD,100000,15,325478.699,3.254787,307.24,1,,,,,,
STANDARD,100000,16,323475.592,3.234756,309.14,1,,,,,,
STANDARD,100000,17,331060.242,3.310602,302.06,1,,,,,,
STANDARD,100000,18,336542.550,3.365426,297.14,1,,,,,,
STANDARD,100000,19,336637.223,3.366372,297.06,1,,,,,,
STANDARD,100000,20,337111.012,3.371110,296.64,1,,,,,,
STANDARD,100000,21,336435.648,3.364356,297.23,1,,,,,,
STANDARD,100000,22,331068.379,3.310684,302.05,1,,,,,,
STANDARD,100000,23,329010.540,3.290105,303.94,1,,,,,,
STANDARD,100000,24,329531.784,3.295318,303.46,1,,,,,,
STANDARD,100000,25,330085.486,3.300855,302.95,1,,,,,,
STANDARD,100000,26,329644.502,3.296445,303.36,1,,,,,,
STANDARD,100000,27,330778.374,3.307784,302.32,1,,,,,,
STANDARD,100000,28,324182.831,3.241828,308.47,1,,,,,,
STANDARD,100000,29,324096.315,3.240963,308.55,1,,,,,,
STANDARD,100000,30,325228.212,3.252282,307.48,1,,,,,,
STANDARD,100000,-1,327583.533,3.275835,305.27,1,329712.634,10308.437,320144.927,378443.355,6209.718,
SIGNATURE_ONLY,1000,1,3208.325,3.208325,311.69,1,,,,,,
SIGNATURE_ONLY,1000,2,3218.697,3.218697,310.68,1,,,,,,
SIGNATURE_ONLY,1000,3,3214.592,3.214592,311.08,1,,,,,,
SIGNATURE_ONLY,1000,4,3205.142,3.205142,312.00,1,,,,,,
SIGNATURE_ONLY,1000,5,3201.755,3.201755,312.33,1,,,,,,
SIGNATURE_ONLY,1000,6,3210.026,3.210026,311.52,1,,,,,,
SIGNATURE_ONLY,1000,7,3213.365,3.213365,311.20,1,,,,,,
SIGNATURE_ONLY,1000,8,3221.573,3.221573,310.41,1,,,,,,
SIGNATURE_ONLY,1000,9,3195.670,3.195670,312.92,1,,,,,,
SIGNATURE_ONLY,1000,10,3209.714,3.209714,311.55,1,,,,,,
SIGNATURE_ONLY,1000,11,3202.659,3.202659,312.24,1,,,,,,
SIGNATURE_ONLY,1000,12,3294.304,3.294304,303.55,1,,,,,,
SIGNATURE_ONLY,1000,13,3214.488,3.214488,311.09,1,,,,,,
SIGNATURE_ONLY,1000,14,3206.967,3.206967,311.82,1,,,,,,
SIGNATURE_ONLY,1000,15,3215.107,3.215107,311.03,1,,,,,,
SIGNATURE_ONLY,1000,16,3213.403,3.213403,311.20,1,,,,,,
SIGNATURE_ONLY,1000,17,3214.582,3.214582,311.08,1,,,,,,
SIGNATURE_ONLY,1000,18,3215.043,3.215043,311.04,1,,,,,,
SIGNATURE_ONLY,1000,19,3263.103,3.263103,306.46,1,,,,,,
SIGNATURE_ONLY,1000,20,3628.797,3.628797,275.57,1,,,,,,
SIGNATURE_ONLY,1000,21,3784.640,3.784640,264.23,1,,,,,,
SIGNATURE_ONLY,1000,22,3468.808,3.468808,288.28,1,,,,,,
SIGNATURE_ONLY,1000,23,3212.949,3.212949,311.24,1,,,,,,
SIGNATURE_ONLY,1000,24,3210.129,3.210129,311.51,1,,,,,,
SIGNATURE_ONLY,1000,25,3210.951,3.210951,311.43,1,,,,,,
SIGNATURE_ONLY,1000,26,3219.960,3.219960,310.56,1,,,,,,
SIGNATURE_ONLY,1000,27,3219.769,3.219769,310.58,1,,,,,,
SIGNATURE_ONLY,1000,28,3342.911,3.342911,299.14,1,,,,,,
SIGNATURE_ONLY,1000,29,3444.089,3.444089,290.35,1,,,,,,
SIGNATURE_ONLY,1000,30,3231.710,3.231710,309.43,1,,,,,,
SIGNATURE_ONLY,1000,-1,3214.587,3.214587,311.08,1,3270.441,137.310,3195.670,3784.640,19.123,
SIGNATURE_ONLY,5000,1,17403.257,3.480651,287.30,1,,,,,,
SIGNATURE_ONLY,5000,2,16072.944,3.214589,311.08,1,,,,,,
SIGNATURE_ONLY,5000,3,16110.298,3.222060,310.36,1,,,,,,
SIGNATURE_ONLY,5000,4,16053.708,3.210742,311.45,1,,,,,,
SIGNATURE_ONLY,5000,5,16060.355,3.212071,311.33,1,,,,,,
SIGNATURE_ONLY,5000,6,17011.424,3.402285,293.92,1,,,,,,
SIGNATURE_ONLY,5000,7,16774.074,3.354815,298.08,1,,,,,,
SIGNATURE_ONLY,5000,8,16063.205,3.212641,311.27,1,,,,,,
SIGNATURE_ONLY,5000,9,16097.504,3.219501,310.61,1,,,,,,
SIGNATURE_ONLY,5000,10,16054.627,3.210925,311.44,1,,,,,,
SIGNATURE_ONLY,5000,11,17692.682,3.538536,282.60,1,,,,,,
SIGNATURE_ONLY,5000,12,16047.099,3.209420,311.58,1,,,,,,
SIGNATURE_ONLY,5000,13,16053.564,3.210713,311.46,1,,,,,,
SIGNATURE_ONLY,5000,14,16062.466,3.212493,311.28,1,,,,,,
SIGNATURE_ONLY,5000,15,16119.306,3.223861,310.19,1,,,,,,
SIGNATURE_ONLY,5000,16,16116.543,3.223309,310.24,1,,,,,,
SIGNATURE_ONLY,5000,17,17330.670,3.466134,288.51,1,,,,,,
SIGNATURE_ONLY,5000,18,16248.991,3.249798,307.71,1,,,,,,
SIGNATURE_ONLY,5000,19,16004.871,3.200974,312.40,1,,,,,,
SIGNATURE_ONLY,5000,20,15993.469,3.198694,312.63,1,,,,,,
SIGNATURE_ONLY,5000,21,15994.851,3.198970,312.60,1,,,,,,
SIGNATURE_ONLY,5000,22,17544.959,3.508992,284.98,1,,,,,,
SIGNATURE_ONLY,5000,23,16165.222,3.233044,309.31,1,,,,,,
SIGNATURE_ONLY,5000,24,16034.057,3.206811,311.84,1,,,,,,
SIGNATURE_ONLY,5000,25,16043.058,3.208612,311.66,1,,,,,,
SIGNATURE_ONLY,5000,26,16036.386,3.207277,311.79,1,,,,,,
SIGNATURE_ONLY,5000,27,17640.521,3.528104,283.44,1,,,,,,
SIGNATURE_ONLY,5000,28,16061.552,3.212310,311.30,1,,,,,,
SIGNATURE_ONLY,5000,29,16024.423,3.204885,312.02,1,,,,,,
SIGNATURE_ONLY,5000,30,16011.948,3.202390,312.27,1,,,,,,
SIGNATURE_ONLY,5000,-1,16062.835,3.212567,311.28,1,16364.268,572.357,15993.469,17692.682,183.981,
SIGNATURE_ONLY,10000,1,32060.171,3.206017,311.91,1,,,,,,
SIGNATURE_ONLY,10000,2,32852.457,3.285246,304.39,1,,,,,,
SIGNATURE_ONLY,10000,3,33851.362,3.385136,295.41,1,,,,,,
SIGNATURE_ONLY,10000,4,32294.853,3.229485,309.65,1,,,,,,
SIGNATURE_ONLY,10000,5,33460.653,3.346065,298.86,1,,,,,,
SIGNATURE_ONLY,10000,6,32223.716,3.222372,310.33,1,,,,,,
SIGNATURE_ONLY,10000,7,32087.992,3.208799,311.64,1,,,,,,
SIGNATURE_ONLY,10000,8,33545.531,3.354553,298.10,1,,,,,,
SIGNATURE_ONLY,10000,9,32109.691,3.210969,311.43,1,,,,,,
SIGNATURE_ONLY,10000,10,32091.845,3.209184,311.61,1,,,,,,
SIGNATURE_ONLY,10000,11,33586.430,3.358643,297.74,1,,,,,,
SIGNATURE_ONLY,10000,12,32098.784,3.209878,311.54,1,,,,,,
SIGNATURE_ONLY,10000,13,33686.000,3.368600,296.86,1,,,,,,
SIGNATURE_ONLY,10000,14,32053.628,3.205363,311.98,1,,,,,,
SIGNATURE_ONLY,10000,15,32094.095,3.209409,311.58,1,,,,,,
SIGNATURE_ONLY,10000,16,33565.441,3.356544,297.93,1,,,,,,
SIGNATURE_ONLY,10000,17,32044.681,3.204468,312.06,1,,,,,,
SIGNATURE_ONLY,10000,18,33569.009,3.356901,297.89,1,,,,,,
SIGNATURE_ONLY,10000,19,31998.467,3.199847,312.51,1,,,,,,
SIGNATURE_ONLY,10000,20,31997.252,3.199725,312.53,1,,,,,,
SIGNATURE_ONLY,10000,21,33693.799,3.369380,296.79,1,,,,,,
SIGNATURE_ONLY,10000,22,32013.120,3.201312,312.37,1,,,,,,
SIGNATURE_ONLY,10000,23,33485.861,3.348586,298.63,1,,,,,,
SIGNATURE_ONLY,10000,24,32003.961,3.200396,312.46,1,,,,,,
SIGNATURE_ONLY,10000,25,32118.119,3.211812,311.35,1,,,,,,
SIGNATURE_ONLY,10000,26,33615.191,3.361519,297.48,1,,,,,,
SIGNATURE_ONLY,10000,27,31972.404,3.197240,312.77,1,,,,,,
SIGNATURE_ONLY,10000,28,32557.836,3.255784,307.15,1,,,,,,
SIGNATURE_ONLY,10000,29,33031.493,3.303149,302.74,1,,,,,,
SIGNATURE_ONLY,10000,30,32221.588,3.222159,310.35,1,,,,,,
SIGNATURE_ONLY,10000,-1,32222.652,3.222265,310.34,1,32666.181,718.026,31972.404,33851.362,1463.488,
SIGNATURE_ONLY,50000,1,161009.062,3.220181,310.54,1,,,,,,
SIGNATURE_ONLY,50000,2,161074.814,3.221496,310.41,1,,,,,,
SIGNATURE_ONLY,50000,3,162622.939,3.252459,307.46,1,,,,,,
SIGNATURE_ONLY,50000,4,163484.840,3.269697,305.84,1,,,,,,
SIGNATURE_ONLY,50000,5,164630.642,3.292613,303.71,1,,,,,,
SIGNATURE_ONLY,50000,6,162668.440,3.253369,307.37,1,,,,,,
SIGNATURE_ONLY,50000,7,162202.157,3.244043,308.26,1,,,,,,
SIGNATURE_ONLY,50000,8,162239.911,3.244798,308.19,1,,,,,,
SIGNATURE_ONLY,50000,9,162338.319,3.246766,308.00,1,,,,,,
SIGNATURE_ONLY,50000,10,166297.924,3.325958,300.67,1,,,,,,
SIGNATURE_ONLY,50000,11,161199.246,3.223985,310.18,1,,,,,,
SIGNATURE_ONLY,50000,12,161837.456,3.236749,308.95,1,,,,,,
SIGNATURE_ONLY,50000,13,162293.027,3.245861,308.08,1,,,,,,
SIGNATURE_ONLY,50000,14,162334.196,3.246684,308.01,1,,,,,,
SIGNATURE_ONLY,50000,15,162096.724,3.241934,308.46,1,,,,,,
SIGNATURE_ONLY,50000,16,164000.595,3.280012,304.88,1,,,,,,
SIGNATURE_ONLY,50000,17,162802.345,3.256047,307.12,1,,,,,,
SIGNATURE_ONLY,50000,18,162878.610,3.257572,306.98,1,,,,,,
SIGNATURE_ONLY,50000,19,163041.177,3.260824,306.67,1,,,,,,
SIGNATURE_ONLY,50000,20,161395.646,3.227913,309.80,1,,,,,,
SIGNATURE_ONLY,50000,21,163008.471,3.260169,306.73,1,,,,,,
SIGNATURE_ONLY,50000,22,164011.782,3.280236,304.86,1,,,,,,
SIGNATURE_ONLY,50000,23,162712.312,3.254246,307.29,1,,,,,,
SIGNATURE_ONLY,50000,24,163400.525,3.268010,306.00,1,,,,,,
SIGNATURE_ONLY,50000,25,162772.171,3.255443,307.18,1,,,,,,
SIGNATURE_ONLY,50000,26,162745.460,3.254909,307.23,1,,,,,,
SIGNATURE_ONLY,50000,27,163433.942,3.268679,305.93,1,,,,,,
SIGNATURE_ONLY,50000,28,165086.560,3.301731,302.87,1,,,,,,
SIGNATURE_ONLY,50000,29,165531.721,3.310634,302.06,1,,,,,,
SIGNATURE_ONLY,50000,30,165391.137,3.307823,302.31,1,,,,,,
SIGNATURE_ONLY,50000,-1,162758.815,3.255176,307.20,1,163018.072,1330.954,161009.062,166297.924,1218.925,
SIGNATURE_ONLY,100000,1,326035.470,3.260355,306.72,1,,,,,,
SIGNATURE_ONLY,100000,2,326848.971,3.268490,305.95,1,,,,,,
SIGNATURE_ONLY,100000,3,331474.994,3.314750,301.68,1,,,,,,
SIGNATURE_ONLY,100000,4,339952.798,3.399528,294.16,1,,,,,,
SIGNATURE_ONLY,100000,5,340911.152,3.409112,293.33,1,,,,,,
SIGNATURE_ONLY,100000,6,332656.364,3.326564,300.61,1,,,,,,
SIGNATURE_ONLY,100000,7,331880.588,3.318806,301.31,1,,,,,,
SIGNATURE_ONLY,100000,8,332430.155,3.324302,300.82,1,,,,,,
SIGNATURE_ONLY,100000,9,332380.681,3.323807,300.86,1,,,,,,
SIGNATURE_ONLY,100000,10,341744.222,3.417442,292.62,1,,,,,,
SIGNATURE_ONLY,100000,11,341557.996,3.415580,292.78,1,,,,,,
SIGNATURE_ONLY,100000,12,343563.464,3.435635,291.07,1,,,,,,
SIGNATURE_ONLY,100000,13,341312.355,3.413124,292.99,1,,,,,,
SIGNATURE_ONLY,100000,14,335940.149,3.359401,297.67,1,,,,,,
SIGNATURE_ONLY,100000,15,334815.207,3.348152,298.67,1,,,,,,
SIGNATURE_ONLY,100000,16,335500.403,3.355004,298.06,1,,,,,,
SIGNATURE_ONLY,100000,17,334604.807,3.346048,298.86,1,,,,,,
SIGNATURE_ONLY,100000,18,335344.878,3.353449,298.20,1,,,,,,
SIGNATURE_ONLY,100000,19,336145.591,3.361456,297.49,1,,,,,,
SIGNATURE_ONLY,100000,20,330692.012,3.306920,302.40,1,,,,,,
SIGNATURE_ONLY,100000,21,326945.708,3.269457,305.86,1,,,,,,
SIGNATURE_ONLY,100000,22,327047.035,3.270470,305.77,1,,,,,,
SIGNATURE_ONLY,100000,23,326754.432,3.267544,306.04,1,,,,,,
SIGNATURE_ONLY,100000,24,327108.932,3.271089,305.71,1,,,,,,
SIGNATURE_ONLY,100000,25,331655.541,3.316555,301.52,1,,,,,,
SIGNATURE_ONLY,100000,26,327063.285,3.270633,305.75,1,,,,,,
SIGNATURE_ONLY,100000,27,327226.965,3.272270,305.60,1,,,,,,
SIGNATURE_ONLY,100000,28,327298.208,3.272982,305.53,1,,,,,,
SIGNATURE_ONLY,100000,29,327248.264,3.272483,305.58,1,,,,,,
SIGNATURE_ONLY,100000,30,327687.189,3.276872,305.17,1,,,,,,
SIGNATURE_ONLY,100000,-1,332130.634,3.321306,301.09,1,332727.594,5512.741,326035.470,343563.464,8597.923,
CHAIN_ONLY,1000,1,3753.824,3.753824,266.39,1,,,,,,
CHAIN_ONLY,1000,2,3629.545,3.629545,275.52,1,,,,,,
CHAIN_ONLY,1000,3,3610.225,3.610225,276.99,1,,,,,,
CHAIN_ONLY,1000,4,4054.729,4.054729,246.63,1,,,,,,
CHAIN_ONLY,1000,5,4125.587,4.125587,242.39,1,,,,,,
CHAIN_ONLY,1000,6,3681.555,3.681555,271.62,1,,,,,,
CHAIN_ONLY,1000,7,3605.248,3.605248,277.37,1,,,,,,
CHAIN_ONLY,1000,8,3594.211,3.594211,278.23,1,,,,,,
CHAIN_ONLY,1000,9,3595.048,3.595048,278.16,1,,,,,,
CHAIN_ONLY,1000,10,3592.000,3.592000,278.40,1,,,,,,
CHAIN_ONLY,1000,11,3608.427,3.608427,277.13,1,,,,,,
CHAIN_ONLY,1000,12,3634.861,3.634861,275.11,1,,,,,,
CHAIN_ONLY,1000,13,3623.378,3.623378,275.99,1,,,,,,
CHAIN_ONLY,1000,14,3614.112,3.614112,276.69,1,,,,,,
CHAIN_ONLY,1000,15,3623.643,3.623643,275.97,1,,,,,,
CHAIN_ONLY,1000,16,3592.078,3.592078,278.39,1,,,,,,
CHAIN_ONLY,1000,17,3604.058,3.604058,277.47,1,,,,,,
CHAIN_ONLY,1000,18,3591.008,3.591008,278.47,1,,,,,,
CHAIN_ONLY,1000,19,3610.240,3.610240,276.99,1,,,,,,
CHAIN_ONLY,1000,20,3579.724,3.579724,279.35,1,,,,,,
CHAIN_ONLY,1000,21,3620.665,3.620665,276.19,1,,,,,,
CHAIN_ONLY,1000,22,3604.901,3.604901,277.40,1,,,,,,
CHAIN_ONLY,1000,23,3591.798,3.591798,278.41,1,,,,,,
CHAIN_ONLY,1000,24,3597.309,3.597309,277.99,1,,,,,,
CHAIN_ONLY,1000,25,3601.657,3.601657,277.65,1,,,,,,
CHAIN_ONLY,1000,26,3593.816,3.593816,278.26,1,,,,,,
CHAIN_ONLY,1000,27,3605.367,3.605367,277.36,1,,,,,,
CHAIN_ONLY,1000,28,3646.361,3.646361,274.25,1,,,,,,
CHAIN_ONLY,1000,29,4251.575,4.251575,235.21,1,,,,,,
CHAIN_ONLY,1000,30,4158.406,4.158406,240.48,1,,,,,,
CHAIN_ONLY,1000,-1,3609.326,3.609326,277.06,1,3686.512,188.671,3579.724,4251.575,37.918,
CHAIN_ONLY,5000,1,18065.957,3.613191,276.76,1,,,,,,
CHAIN_ONLY,5000,2,18003.555,3.600711,277.72,1,,,,,,
CHAIN_ONLY,5000,3,18614.771,3.722954,268.60,1,,,,,,
CHAIN_ONLY,5000,4,18781.483,3.756297,266.22,1,,,,,,
CHAIN_ONLY,5000,5,18017.554,3.603511,277.51,1,,,,,,
CHAIN_ONLY,5000,6,18078.051,3.615610,276.58,1,,,,,,
CHAIN_ONLY,5000,7,18045.745,3.609149,277.07,1,,,,,,
CHAIN_ONLY,5000,8,19652.964,3.930593,254.41,1,,,,,,
CHAIN_ONLY,5000,9,18017.886,3.603577,277.50,1,,,,,,
CHAIN_ONLY,5000,10,18051.293,3.610259,276.99,1,,,,,,
CHAIN_ONLY,5000,11,18018.788,3.603758,277.49,1,,,,,,
CHAIN_ONLY,5000,12,18020.409,3.604082,277.46,1,,,,,,
CHAIN_ONLY,5000,13,19591.337,3.918267,255.21,1,,,,,,
CHAIN_ONLY,5000,14,18071.114,3.614223,276.68,1,,,,,,
CHAIN_ONLY,5000,15,18051.939,3.610388,276.98,1,,,,,,
CHAIN_ONLY,5000,16,18036.798,3.607360,277.21,1,,,,,,
CHAIN_ONLY,5000,17,19788.567,3.957713,252.67,1,,,,,,
CHAIN_ONLY,5000,18,18036.911,3.607382,277.21,1,,,,,,
CHAIN_ONLY,5000,19,18078.628,3.615726,276.57,1,,,,,,
CHAIN_ONLY,5000,20,18029.651,3.605930,277.32,1,,,,,,
CHAIN_ONLY,5000,21,18449.831,3.689966,271.01,1,,,,,,
CHAIN_ONLY,5000,22,19159.684,3.831937,260.96,1,,,,,,
CHAIN_ONLY,5000,23,18073.997,3.614799,276.64,1,,,,,,
CHAIN_ONLY,5000,24,17996.899,3.599380,277.83,1,,,,,,
CHAIN_ONLY,5000,25,18007.771,3.601554,277.66,1,,,,,,
CHAIN_ONLY,5000,26,19501.274,3.900255,256.39,1,,,,,,
CHAIN_ONLY,5000,27,17995.546,3.599109,277.85,1,,,,,,
CHAIN_ONLY,5000,28,18014.343,3.602869,277.56,1,,,,,,
CHAIN_ONLY,5000,29,18038.715,3.607743,277.18,1,,,,,,
CHAIN_ONLY,5000,30,18243.197,3.648639,274.07,1,,,,,,
CHAIN_ONLY,5000,-1,18051.616,3.610323,276.98,1,18351.155,576.988,17995.546,19788.567,378.980,
CHAIN_ONLY,10000,1,36443.847,3.644385,274.39,1,,,,,,
CHAIN_ONLY,10000,2,39428.184,3.942818,253.63,1,,,,,,
CHAIN_ONLY,10000,3,36296.720,3.629672,275.51,1,,,,,,
CHAIN_ONLY,10000,4,37093.366,3.709337,269.59,1,,,,,,
CHAIN_ONLY,10000,5,36044.297,3.604430,277.44,1,,,,,,
CHAIN_ONLY,10000,6,37633.475,3.763348,265.72,1,,,,,,
CHAIN_ONLY,10000,7,36023.458,3.602346,277.60,1,,,,,,
CHAIN_ONLY,10000,8,37394.720,3.739472,267.42,1,,,,,,
CHAIN_ONLY,10000,9,36065.854,3.606585,277.27,1,,,,,,
CHAIN_ONLY,10000,10,36087.519,3.608752,277.10,1,,,,,,
CHAIN_ONLY,10000,11,37549.477,3.754948,266.32,1,,,,,,
CHAIN_ONLY,10000,12,36004.019,3.600402,277.75,1,,,,,,
CHAIN_ONLY,10000,13,37368.319,3.736832,267.61,1,,,,,,
CHAIN_ONLY,10000,14,36058.272,3.605827,277.33,1,,,,,,
CHAIN_ONLY,10000,15,37617.525,3.761752,265.83,1,,,,,,
CHAIN_ONLY,10000,16,41388.764,4.138876,241.61,1,,,,,,
CHAIN_ONLY,10000,17,36006.095,3.600609,277.73,1,,,,,,
CHAIN_ONLY,10000,18,36144.528,3.614453,276.67,1,,,,,,
CHAIN_ONLY,10000,19,36190.062,3.619006,276.32,1,,,,,,
CHAIN_ONLY,10000,20,36169.250,3.616925,276.48,1,,,,,,
CHAIN_ONLY,10000,21,48169.851,4.816985,207.60,1,,,,,,
CHAIN_ONLY,10000,22,49067.366,4.906737,203.80,1,,,,,,
CHAIN_ONLY,10000,23,52213.772,5.221377,191.52,1,,,,,,
CHAIN_ONLY,10000,24,39034.403,3.903440,256.18,1,,,,,,
CHAIN_ONLY,10000,25,37251.363,3.725136,268.45,1,,,,,,
CHAIN_ONLY,10000,26,36967.984,3.696798,270.50,1,,,,,,
CHAIN_ONLY,10000,27,36359.838,3.635984,275.03,1,,,,,,
CHAIN_ONLY,10000,28,36349.017,3.634902,275.11,1,,,,,,
CHAIN_ONLY,10000,29,36385.724,3.638572,274.83,1,,,,,,
CHAIN_ONLY,10000,30,36207.825,3.620783,276.18,1,,,,,,
CHAIN_ONLY,10000,-1,36414.785,3.641479,274.61,1,38233.830,4144.294,36004.019,52213.772,1449.804,
CHAIN_ONLY,50000,1,181242.950,3.624859,275.87,1,,,,,,
CHAIN_ONLY,50000,2,181359.730,3.627195,275.70,1,,,,,,
CHAIN_ONLY,50000,3,181798.219,3.635964,275.03,1,,,,,,
CHAIN_ONLY,50000,4,184641.595,3.692832,270.79,1,,,,,,
CHAIN_ONLY,50000,5,184629.374,3.692587,270.81,1,,,,,,
CHAIN_ONLY,50000,6,184717.740,3.694355,270.68,1,,,,,,
CHAIN_ONLY,50000,7,184319.315,3.686386,271.27,1,,,,,,
CHAIN_ONLY,50000,8,186679.056,3.733581,267.84,1,,,,,,
CHAIN_ONLY,50000,9,186659.625,3.733193,267.87,1,,,,,,
CHAIN_ONLY,50000,10,185169.147,3.703383,270.02,1,,,,,,
CHAIN_ONLY,50000,11,235982.043,4.719641,211.88,1,,,,,,
CHAIN_ONLY,50000,12,182748.113,3.654962,273.60,1,,,,,,
CHAIN_ONLY,50000,13,182855.155,3.657103,273.44,1,,,,,,
CHAIN_ONLY,50000,14,182293.128,3.645863,274.28,1,,,,,,
CHAIN_ONLY,50000,15,182510.936,3.650219,273.96,1,,,,,,
CHAIN_ONLY,50000,16,182278.183,3.645564,274.31,1,,,,,,
CHAIN_ONLY,50000,17,181733.337,3.634667,275.13,1,,,,,,
CHAIN_ONLY,50000,18,184126.306,3.682526,271.55,1,,,,,,
CHAIN_ONLY,50000,19,186947.074,3.738941,267.46,1,,,,,,
CHAIN_ONLY,50000,20,186741.593,3.734832,267.75,1,,,,,,
CHAIN_ONLY,50000,21,187004.087,3.740082,267.37,1,,,,,,
CHAIN_ONLY,50000,22,188589.526,3.771791,265.13,1,,,,,,
CHAIN_ONLY,50000,23,187196.336,3.743927,267.10,1,,,,,,
CHAIN_ONLY,50000,24,187213.136,3.744263,267.08,1,,,,,,
CHAIN_ONLY,50000,25,188151.126,3.763023,265.74,1,,,,,,
CHAIN_ONLY,50000,26,187438.493,3.748770,266.75,1,,,,,,
CHAIN_ONLY,50000,27,184657.846,3.693157,270.77,1,,,,,,
CHAIN_ONLY,50000,28,188065.325,3.761307,265.87,1,,,,,,
CHAIN_ONLY,50000,29,188540.490,3.770810,265.20,1,,,,,,
CHAIN_ONLY,50000,30,187182.894,3.743658,267.12,1,,,,,,
CHAIN_ONLY,50000,-1,184943.444,3.698869,270.35,1,186782.396,9588.181,181242.950,235982.043,4418.102,
CHAIN_ONLY,100000,1,372161.445,3.721614,268.70,1,,,,,,
CHAIN_ONLY,100000,2,369275.199,3.692752,270.80,1,,,,,,
CHAIN_ONLY,100000,3,452584.369,4.525844,220.95,1,,,,,,
CHAIN_ONLY,100000,4,381028.283,3.810283,262.45,1,,,,,,
CHAIN_ONLY,100000,5,379472.662,3.794727,263.52,1,,,,,,
CHAIN_ONLY,100000,6,380195.856,3.801959,263.02,1,,,,,,
CHAIN_ONLY,100000,7,379047.349,3.790473,263.82,1,,,,,,
CHAIN_ONLY,100000,8,366192.533,3.661925,273.08,1,,,,,,
CHAIN_ONLY,100000,9,366703.651,3.667037,272.70,1,,,,,,
CHAIN_ONLY,100000,10,370413.966,3.704140,269.97,1,,,,,,
CHAIN_ONLY,100000,11,372154.348,3.721543,268.71,1,,,,,,
CHAIN_ONLY,100000,12,400310.776,4.003108,249.81,1,,,,,,
CHAIN_ONLY,100000,13,410592.563,4.105926,243.55,1,,,,,,
CHAIN_ONLY,100000,14,374779.801,3.747798,266.82,1,,,,,,
CHAIN_ONLY,100000,15,361568.185,3.615682,276.57,1,,,,,,
CHAIN_ONLY,100000,16,360515.018,3.605150,277.38,1,,,,,,
CHAIN_ONLY,100000,17,368721.561,3.687216,271.21,1,,,,,,
CHAIN_ONLY,100000,18,363752.326,3.637523,274.91,1,,,,,,
CHAIN_ONLY,100000,19,363623.733,3.636237,275.01,1,,,,,,
CHAIN_ONLY,100000,20,366336.909,3.663369,272.97,1,,,,,,
CHAIN_ONLY,100000,21,369269.265,3.692693,270.81,1,,,,,,
CHAIN_ONLY,100000,22,370467.010,3.704670,269.93,1,,,,,,
CHAIN_ONLY,100000,23,368119.387,3.681194,271.65,1,,,,,,
CHAIN_ONLY,100000,24,370092.161,3.700922,270.20,1,,,,,,
CHAIN_ONLY,100000,25,369032.826,3.690328,270.98,1,,,,,,
CHAIN_ONLY,100000,26,368889.398,3.688894,271.08,1,,,,,,
CHAIN_ONLY,100000,27,372997.823,3.729978,268.10,1,,,,,,
CHAIN_ONLY,100000,28,369278.227,3.692782,270.80,1,,,,,,
CHAIN_ONLY,100000,29,368296.165,3.682962,271.52,1,,,,,,
CHAIN_ONLY,100000,30,434756.704,4.347567,230.01,1,,,,,,
CHAIN_ONLY,100000,-1,369685.194,3.696852,270.50,1,377354.317,20916.577,360515.018,452584.369,9816.880,
FULL_HYBRID,1000,1,5106.063,5.106063,195.85,1,,,,,,
FULL_HYBRID,1000,2,3885.020,3.885020,257.40,1,,,,,,
FULL_HYBRID,1000,3,3658.892,3.658892,273.31,1,,,,,,
FULL_HYBRID,1000,4,3670.847,3.670847,272.42,1,,,,,,
FULL_HYBRID,1000,5,3667.452,3.667452,272.67,1,,,,,,
FULL_HYBRID,1000,6,3658.406,3.658406,273.34,1,,,,,,
FULL_HYBRID,1000,7,3626.725,3.626725,275.73,1,,,,,,
FULL_HYBRID,1000,8,3647.550,3.647550,274.16,1,,,,,,
FULL_HYBRID,1000,9,3646.915,3.646915,274.20,1,,,,,,
FULL_HYBRID,1000,10,3623.192,3.623192,276.00,1,,,,,,
FULL_HYBRID,1000,11,3650.048,3.650048,273.97,1,,,,,,
FULL_HYBRID,1000,12,3655.814,3.655814,273.54,1,,,,,,
FULL_HYBRID,1000,13,3642.893,3.642893,274.51,1,,,,,,
FULL_HYBRID,1000,14,3662.571,3.662571,273.03,1,,,,,,
FULL_HYBRID,1000,15,3646.741,3.646741,274.22,1,,,,,,
FULL_HYBRID,1000,16,3636.183,3.636183,275.01,1,,,,,,
FULL_HYBRID,1000,17,3638.324,3.638324,274.85,1,,,,,,
FULL_HYBRID,1000,18,3653.849,3.653849,273.68,1,,,,,,
FULL_HYBRID,1000,19,3641.780,3.641780,274.59,1,,,,,,
FULL_HYBRID,1000,20,3662.354,3.662354,273.05,1,,,,,,
FULL_HYBRID,1000,21,3660.542,3.660542,273.18,1,,,,,,
FULL_HYBRID,1000,22,3680.157,3.680157,271.73,1,,,,,,
FULL_HYBRID,1000,23,3668.669,3.668669,272.58,1,,,,,,
FULL_HYBRID,1000,24,3643.939,3.643939,274.43,1,,,,,,
FULL_HYBRID,1000,25,3630.437,3.630437,275.45,1,,,,,,
FULL_HYBRID,1000,26,3659.442,3.659442,273.27,1,,,,,,
FULL_HYBRID,1000,27,3641.432,3.641432,274.62,1,,,,,,
FULL_HYBRID,1000,28,3643.271,3.643271,274.48,1,,,,,,
FULL_HYBRID,1000,29,3737.920,3.737920,267.53,1,,,,,,
FULL_HYBRID,1000,30,3631.784,3.631784,275.35,1,,,,,,
FULL_HYBRID,1000,-1,3651.948,3.651948,273.83,1,3709.307,267.998,3623.192,5106.063,20.458,
FULL_HYBRID,5000,1,18263.263,3.652653,273.77,1,,,,,,
FULL_HYBRID,5000,2,18372.227,3.674445,272.15,1,,,,,,
FULL_HYBRID,5000,3,18236.699,3.647340,274.17,1,,,,,,
FULL_HYBRID,5000,4,18189.032,3.637806,274.89,1,,,,,,
FULL_HYBRID,5000,5,18170.367,3.634073,275.17,1,,,,,,
FULL_HYBRID,5000,6,18321.882,3.664376,272.90,1,,,,,,
FULL_HYBRID,5000,7,18243.562,3.648712,274.07,1,,,,,,
FULL_HYBRID,5000,8,18358.864,3.671773,272.35,1,,,,,,
FULL_HYBRID,5000,9,18225.729,3.645146,274.34,1,,,,,,
FULL_HYBRID,5000,10,18533.334,3.706667,269.78,1,,,,,,
FULL_HYBRID,5000,11,18417.939,3.683588,271.47,1,,,,,,
FULL_HYBRID,5000,12,18313.860,3.662772,273.02,1,,,,,,
FULL_HYBRID,5000,13,18213.444,3.642689,274.52,1,,,,,,
FULL_HYBRID,5000,14,18260.842,3.652168,273.81,1,,,,,,
FULL_HYBRID,5000,15,18313.330,3.662666,273.03,1,,,,,,
FULL_HYBRID,5000,16,18220.006,3.644001,274.42,1,,,,,,
FULL_HYBRID,5000,17,18364.675,3.672935,272.26,1,,,,,,
FULL_HYBRID,5000,18,18270.859,3.654172,273.66,1,,,,,,
FULL_HYBRID,5000,19,18222.028,3.644406,274.39,1,,,,,,
FULL_HYBRID,5000,20,18224.857,3.644971,274.35,1,,,,,,
FULL_HYBRID,5000,21,18308.177,3.661635,273.10,1,,,,,,
FULL_HYBRID,5000,22,18498.962,3.699792,270.29,1,,,,,,
FULL_HYBRID,5000,23,18745.675,3.749135,266.73,1,,,,,,
FULL_HYBRID,5000,24,18658.364,3.731673,267.98,1,,,,,,
FULL_HYBRID,5000,25,18767.729,3.753546,266.41,1,,,,,,
FULL_HYBRID,5000,26,20252.998,4.050600,246.88,1,,,,,,
FULL_HYBRID,5000,27,18986.765,3.797353,263.34,1,,,,,,
FULL_HYBRID,5000,28,20757.863,4.151573,240.87,1,,,,,,
FULL_HYBRID,5000,29,27428.253,5.485651,182.29,1,,,,,,
FULL_HYBRID,5000,30,21162.386,4.232477,236.27,1,,,,,,
FULL_HYBRID,5000,-1,18317.871,3.663574,272.96,1,18910.132,1775.466,18170.367,27428.253,388.692,
FULL_HYBRID,10000,1,36815.827,3.681583,271.62,1,,,,,,
FULL_HYBRID,10000,2,36499.301,3.649930,273.98,1,,,,,,
FULL_HYBRID,10000,3,36612.069,3.661207,273.13,1,,,,,,
FULL_HYBRID,10000,4,36476.346,3.647635,274.15,1,,,,,,
FULL_HYBRID,10000,5,36527.136,3.652714,273.77,1,,,,,,
FULL_HYBRID,10000,6,36585.314,3.658531,273.33,1,,,,,,
FULL_HYBRID,10000,7,36357.651,3.635765,275.05,1,,,,,,
FULL_HYBRID,10000,8,36318.019,3.631802,275.35,1,,,,,,
FULL_HYBRID,10000,9,36364.579,3.636458,274.99,1,,,,,,
FULL_HYBRID,10000,10,36365.911,3.636591,274.98,1,,,,,,
FULL_HYBRID,10000,11,36619.218,3.661922,273.08,1,,,,,,
FULL_HYBRID,10000,12,36614.108,3.661411,273.12,1,,,,,,
FULL_HYBRID,10000,13,36653.664,3.665366,272.82,1,,,,,,
FULL_HYBRID,10000,14,36649.041,3.664904,272.86,1,,,,,,
FULL_HYBRID,10000,15,36537.430,3.653743,273.69,1,,,,,,
FULL_HYBRID,10000,16,36334.479,3.633448,275.22,1,,,,,,
FULL_HYBRID,10000,17,36473.991,3.647399,274.17,1,,,,,,
FULL_HYBRID,10000,18,36388.213,3.638821,274.81,1,,,,,,
FULL_HYBRID,10000,19,36704.966,3.670497,272.44,1,,,,,,
FULL_HYBRID,10000,20,36594.799,3.659480,273.26,1,,,,,,
FULL_HYBRID,10000,21,36510.810,3.651081,273.89,1,,,,,,
FULL_HYBRID,10000,22,36590.556,3.659056,273.29,1,,,,,,
FULL_HYBRID,10000,23,36306.433,3.630643,275.43,1,,,,,,
FULL_HYBRID,10000,24,36355.603,3.635560,275.06,1,,,,,,
FULL_HYBRID,10000,25,36391.129,3.639113,274.79,1,,,,,,
FULL_HYBRID,10000,26,36392.210,3.639221,274.78,1,,,,,,
FULL_HYBRID,10000,27,36608.824,3.660882,273.16,1,,,,,,
FULL_HYBRID,10000,28,36751.876,3.675188,272.09,1,,,,,,
FULL_HYBRID,10000,29,36593.308,3.659331,273.27,1,,,,,,
FULL_HYBRID,10000,30,36590.085,3.659009,273.30,1,,,,,,
FULL_HYBRID,10000,-1,36532.283,3.653228,273.73,1,36519.430,137.402,36306.433,36815.827,222.316,
FULL_HYBRID,50000,1,186476.786,3.729536,268.13,1,,,,,,
FULL_HYBRID,50000,2,184029.819,3.680596,271.70,1,,,,,,
FULL_HYBRID,50000,3,184539.751,3.690795,270.94,1,,,,,,
FULL_HYBRID,50000,4,184657.277,3.693146,270.77,1,,,,,,
FULL_HYBRID,50000,5,184118.557,3.682371,271.56,1,,,,,,
FULL_HYBRID,50000,6,184259.435,3.685189,271.36,1,,,,,,
FULL_HYBRID,50000,7,186142.785,3.722856,268.61,1,,,,,,
FULL_HYBRID,50000,8,185574.794,3.711496,269.43,1,,,,,,
FULL_HYBRID,50000,9,184334.062,3.686681,271.25,1,,,,,,
FULL_HYBRID,50000,10,184044.025,3.680880,271.67,1,,,,,,
FULL_HYBRID,50000,11,188791.709,3.775834,264.84,1,,,,,,
FULL_HYBRID,50000,12,185698.548,3.713971,269.25,1,,,,,,
FULL_HYBRID,50000,13,185185.255,3.703705,270.00,1,,,,,,
FULL_HYBRID,50000,14,187414.422,3.748288,266.79,1,,,,,,
FULL_HYBRID,50000,15,187381.292,3.747626,266.84,1,,,,,,
FULL_HYBRID,50000,16,185339.463,3.706789,269.78,1,,,,,,
FULL_HYBRID,50000,17,185752.067,3.715041,269.18,1,,,,,,
FULL_HYBRID,50000,18,185948.904,3.718978,268.89,1,,,,,,
FULL_HYBRID,50000,19,185984.688,3.719694,268.84,1,,,,,,
FULL_HYBRID,50000,20,186450.232,3.729005,268.17,1,,,,,,
FULL_HYBRID,50000,21,190000.072,3.800001,263.16,1,,,,,,
FULL_HYBRID,50000,22,187954.088,3.759082,266.02,1,,,,,,
FULL_HYBRID,50000,23,189628.304,3.792566,263.67,1,,,,,,
FULL_HYBRID,50000,24,187860.609,3.757212,266.15,1,,,,,,
FULL_HYBRID,50000,25,189261.059,3.785221,264.19,1,,,,,,
FULL_HYBRID,50000,26,187996.518,3.759930,265.96,1,,,,,,
FULL_HYBRID,50000,27,188021.328,3.760427,265.93,1,,,,,,
FULL_HYBRID,50000,28,187450.355,3.749007,266.74,1,,,,,,
FULL_HYBRID,50000,29,187572.577,3.751452,266.56,1,,,,,,
FULL_HYBRID,50000,30,188122.208,3.762444,265.78,1,,,,,,
FULL_HYBRID,50000,-1,186296.509,3.725930,268.39,1,186533.033,1764.444,184029.819,190000.072,2706.911,
FULL_HYBRID,100000,1,371383.499,3.713835,269.26,1,,,,,,
FULL_HYBRID,100000,2,372154.324,3.721543,268.71,1,,,,,,
FULL_HYBRID,100000,3,372166.467,3.721665,268.70,1,,,,,,
FULL_HYBRID,100000,4,371329.933,3.713299,269.30,1,,,,,,
FULL_HYBRID,100000,5,372623.263,3.726233,268.37,1,,,,,,
FULL_HYBRID,100000,6,422654.904,4.226549,236.60,1,,,,,,
FULL_HYBRID,100000,7,367967.489,3.679675,271.76,1,,,,,,
FULL_HYBRID,100000,8,367745.812,3.677458,271.93,1,,,,,,
FULL_HYBRID,100000,9,371086.284,3.710863,269.48,1,,,,,,
FULL_HYBRID,100000,10,378875.371,3.788754,263.94,1,,,,,,
FULL_HYBRID,100000,11,380273.471,3.802735,262.97,1,,,,,,
FULL_HYBRID,100000,12,379818.202,3.798182,263.28,1,,,,,,
FULL_HYBRID,100000,13,379378.966,3.793790,263.59,1,,,,,,
FULL_HYBRID,100000,14,375000.956,3.750010,266.67,1,,,,,,
FULL_HYBRID,100000,15,372661.656,3.726617,268.34,1,,,,,,
FULL_HYBRID,100000,16,374143.558,3.741436,267.28,1,,,,,,
FULL_HYBRID,100000,17,455945.379,4.559454,219.32,1,,,,,,
FULL_HYBRID,100000,18,374697.955,3.746980,266.88,1,,,,,,
FULL_HYBRID,100000,19,367524.577,3.675246,272.09,1,,,,,,
FULL_HYBRID,100000,20,367226.658,3.672267,272.31,1,,,,,,
FULL_HYBRID,100000,21,367771.544,3.677715,271.91,1,,,,,,
FULL_HYBRID,100000,22,366996.036,3.669960,272.48,1,,,,,,
FULL_HYBRID,100000,23,369156.524,3.691565,270.89,1,,,,,,
FULL_HYBRID,100000,24,369837.854,3.698379,270.39,1,,,,,,
FULL_HYBRID,100000,25,372408.657,3.724087,268.52,1,,,,,,
FULL_HYBRID,100000,26,371566.793,3.715668,269.13,1,,,,,,
FULL_HYBRID,100000,27,372590.335,3.725903,268.39,1,,,,,,
FULL_HYBRID,100000,28,374909.954,3.749100,266.73,1,,,,,,
FULL_HYBRID,100000,29,375525.929,3.755259,266.29,1,,,,,,
FULL_HYBRID,100000,30,375450.444,3.754504,266.35,1,,,,,,
FULL_HYBRID,100000,-1,372499.496,3.724995,268.46,1,377029.093,17883.792,366996.036,455945.379,5188.110,
STANDARD,10000,concurrent,33316.296,1.665815,600.31,2,,,,,,
STANDARD,10000,concurrent,44221.001,1.105525,904.55,4,,,,,,
SIGNATURE_ONLY,10000,concurrent,46583.024,2.329151,429.34,2,,,,,,
SIGNATURE_ONLY,10000,concurrent,82632.210,2.065805,484.07,4,,,,,,
CHAIN_ONLY,10000,concurrent,52121.191,2.606060,383.72,2,,,,,,
CHAIN_ONLY,10000,concurrent,58016.248,1.450406,689.46,4,,,,,,
FULL_HYBRID,10000,concurrent,41118.443,2.055922,486.40,2,,,,,,
FULL_HYBRID,10000,concurrent,58485.366,1.462134,683.93,4,,,,,,
CHAIN_ONLY,100000,1,376116.004,3.761160,265.88,1,,,,,50,
CHAIN_ONLY,100000,2,375806.332,3.758063,266.09,1,,,,,50,
CHAIN_ONLY,100000,3,380731.975,3.807320,262.65,1,,,,,50,
CHAIN_ONLY,100000,4,386772.307,3.867723,258.55,1,,,,,50,
CHAIN_ONLY,100000,5,381229.668,3.812297,262.31,1,,,,,50,
CHAIN_ONLY,100000,6,380491.180,3.804912,262.82,1,,,,,50,
CHAIN_ONLY,100000,7,379406.752,3.794068,263.57,1,,,,,50,
CHAIN_ONLY,100000,8,379811.708,3.798117,263.29,1,,,,,50,
CHAIN_ONLY,100000,9,380492.616,3.804926,262.82,1,,,,,50,
CHAIN_ONLY,100000,10,380063.872,3.800639,263.11,1,,,,,50,
CHAIN_ONLY,100000,11,379187.031,3.791870,263.72,1,,,,,50,
CHAIN_ONLY,100000,12,380645.674,3.806457,262.71,1,,,,,50,
CHAIN_ONLY,100000,13,384645.223,3.846452,259.98,1,,,,,50,
CHAIN_ONLY,100000,14,389402.963,3.894030,256.80,1,,,,,50,
CHAIN_ONLY,100000,15,389798.118,3.897981,256.54,1,,,,,50,
CHAIN_ONLY,100000,16,389482.225,3.894822,256.75,1,,,,,50,
CHAIN_ONLY,100000,17,391365.501,3.913655,255.52,1,,,,,50,
CHAIN_ONLY,100000,18,371933.601,3.719336,268.87,1,,,,,50,
CHAIN_ONLY,100000,19,372891.993,3.728920,268.17,1,,,,,50,
CHAIN_ONLY,100000,20,374064.327,3.740643,267.33,1,,,,,50,
CHAIN_ONLY,100000,21,373267.820,3.732678,267.90,1,,,,,50,
CHAIN_ONLY,100000,22,374441.681,3.744417,267.06,1,,,,,50,
CHAIN_ONLY,100000,23,375732.511,3.757325,266.15,1,,,,,50,
CHAIN_ONLY,100000,24,382103.099,3.821031,261.71,1,,,,,50,
CHAIN_ONLY,100000,25,377747.022,3.777470,264.73,1,,,,,50,
CHAIN_ONLY,100000,26,380282.436,3.802824,262.96,1,,,,,50,
CHAIN_ONLY,100000,27,377619.142,3.776191,264.82,1,,,,,50,
CHAIN_ONLY,100000,28,428538.264,4.285383,233.35,1,,,,,50,
CHAIN_ONLY,100000,29,366279.888,3.662799,273.02,1,,,,,50,
CHAIN_ONLY,100000,30,373155.440,3.731554,267.98,1,,,,,50,
CHAIN_ONLY,100000,-1,379937.790,3.799378,263.20,1,381116.879,10702.481,366279.888,428538.264,6133.775,50
CHAIN_ONLY,100000,1,368318.362,3.683184,271.50,1,,,,,100,
CHAIN_ONLY,100000,2,368782.367,3.687824,271.16,1,,,,,100,
CHAIN_ONLY,100000,3,372597.292,3.725973,268.39,1,,,,,100,
CHAIN_ONLY,100000,4,369991.437,3.699914,270.28,1,,,,,100,
CHAIN_ONLY,100000,5,369091.754,3.690918,270.94,1,,,,,100,
CHAIN_ONLY,100000,6,367634.344,3.676343,272.01,1,,,,,100,
CHAIN_ONLY,100000,7,371029.280,3.710293,269.52,1,,,,,100,
CHAIN_ONLY,100000,8,374345.771,3.743458,267.13,1,,,,,100,
CHAIN_ONLY,100000,9,373569.829,3.735698,267.69,1,,,,,100,
CHAIN_ONLY,100000,10,373850.495,3.738505,267.49,1,,,,,100,
CHAIN_ONLY,100000,11,373536.493,3.735365,267.71,1,,,,,100,
CHAIN_ONLY,100000,12,372254.621,3.722546,268.63,1,,,,,100,
CHAIN_ONLY,100000,13,372072.700,3.720727,268.76,1,,,,,100,
CHAIN_ONLY,100000,14,371069.023,3.710690,269.49,1,,,,,100,
CHAIN_ONLY,100000,15,372082.146,3.720821,268.76,1,,,,,100,
CHAIN_ONLY,100000,16,379470.684,3.794707,263.52,1,,,,,100,
CHAIN_ONLY,100000,17,369706.369,3.697064,270.48,1,,,,,100,
CHAIN_ONLY,100000,18,370602.014,3.706020,269.83,1,,,,,100,
CHAIN_ONLY,100000,19,370351.408,3.703514,270.01,1,,,,,100,
CHAIN_ONLY,100000,20,368300.864,3.683009,271.52,1,,,,,100,
CHAIN_ONLY,100000,21,370703.756,3.707038,269.76,1,,,,,100,
CHAIN_ONLY,100000,22,369404.661,3.694047,270.71,1,,,,,100,
CHAIN_ONLY,100000,23,368913.279,3.689133,271.07,1,,,,,100,
CHAIN_ONLY,100000,24,367888.565,3.678886,271.82,1,,,,,100,
CHAIN_ONLY,100000,25,370425.612,3.704256,269.96,1,,,,,100,
CHAIN_ONLY,100000,26,369356.163,3.693562,270.74,1,,,,,100,
CHAIN_ONLY,100000,27,370814.203,3.708142,269.68,1,,,,,100,
CHAIN_ONLY,100000,28,367287.040,3.672870,272.27,1,,,,,100,
CHAIN_ONLY,100000,29,369181.277,3.691813,270.87,1,,,,,100,
CHAIN_ONLY,100000,30,368654.647,3.686546,271.26,1,,,,,100,
CHAIN_ONLY,100000,-1,370388.510,3.703885,269.99,1,370709.548,2546.088,367287.040,379470.684,3121.887,100
CHAIN_ONLY,100000,1,366066.670,3.660667,273.17,1,,,,,500,
CHAIN_ONLY,100000,2,365227.729,3.652277,273.80,1,,,,,500,
CHAIN_ONLY,100000,3,365411.021,3.654110,273.66,1,,,,,500,
CHAIN_ONLY,100000,4,363482.326,3.634823,275.12,1,,,,,500,
CHAIN_ONLY,100000,5,364797.211,3.647972,274.12,1,,,,,500,
CHAIN_ONLY,100000,6,364034.169,3.640342,274.70,1,,,,,500,
CHAIN_ONLY,100000,7,364947.218,3.649472,274.01,1,,,,,500,
CHAIN_ONLY,100000,8,364116.566,3.641166,274.64,1,,,,,500,
CHAIN_ONLY,100000,9,364567.930,3.645679,274.30,1,,,,,500,
CHAIN_ONLY,100000,10,362947.820,3.629478,275.52,1,,,,,500,
CHAIN_ONLY,100000,11,366905.967,3.669060,272.55,1,,,,,500,
CHAIN_ONLY,100000,12,370191.099,3.701911,270.13,1,,,,,500,
CHAIN_ONLY,100000,13,367168.221,3.671682,272.35,1,,,,,500,
CHAIN_ONLY,100000,14,368288.947,3.682889,271.53,1,,,,,500,
CHAIN_ONLY,100000,15,365971.462,3.659715,273.25,1,,,,,500,
CHAIN_ONLY,100000,16,365475.737,3.654757,273.62,1,,,,,500,
CHAIN_ONLY,100000,17,365769.477,3.657695,273.40,1,,,,,500,
CHAIN_ONLY,100000,18,367254.236,3.672542,272.29,1,,,,,500,
CHAIN_ONLY,100000,19,364236.442,3.642364,274.55,1,,,,,500,
CHAIN_ONLY,100000,20,366100.197,3.661002,273.15,1,,,,,500,
CHAIN_ONLY,100000,21,362197.456,3.621975,276.09,1,,,,,500,
CHAIN_ONLY,100000,22,362637.591,3.626376,275.76,1,,,,,500,
CHAIN_ONLY,100000,23,364649.381,3.646494,274.24,1,,,,,500,
CHAIN_ONLY,100000,24,361412.755,3.614128,276.69,1,,,,,500,
CHAIN_ONLY,100000,25,368833.059,3.688331,271.13,1,,,,,500,
CHAIN_ONLY,100000,26,362474.525,3.624745,275.88,1,,,,,500,
CHAIN_ONLY,100000,27,365475.510,3.654755,273.62,1,,,,,500,
CHAIN_ONLY,100000,28,363536.763,3.635368,275.08,1,,,,,500,
CHAIN_ONLY,100000,29,363599.484,3.635995,275.03,1,,,,,500,
CHAIN_ONLY,100000,30,363917.035,3.639170,274.79,1,,,,,500,
CHAIN_ONLY,100000,-1,364872.214,3.648722,274.07,1,365056.467,2012.510,361412.755,370191.099,2363.997,500
FULL_HYBRID,100000,1,382488.906,3.824889,261.45,1,,,,,50,
FULL_HYBRID,100000,2,380320.015,3.803200,262.94,1,,,,,50,
FULL_HYBRID,100000,3,380035.992,3.800360,263.13,1,,,,,50,
FULL_HYBRID,100000,4,380758.876,3.807589,262.63,1,,,,,50,
FULL_HYBRID,100000,5,377949.957,3.779500,264.59,1,,,,,50,
FULL_HYBRID,100000,6,380031.669,3.800317,263.14,1,,,,,50,
FULL_HYBRID,100000,7,378231.092,3.782311,264.39,1,,,,,50,
FULL_HYBRID,100000,8,380809.881,3.808099,262.60,1,,,,,50,
FULL_HYBRID,100000,9,378064.728,3.780647,264.50,1,,,,,50,
FULL_HYBRID,100000,10,375230.340,3.752303,266.50,1,,,,,50,
FULL_HYBRID,100000,11,376339.176,3.763392,265.72,1,,,,,50,
FULL_HYBRID,100000,12,375891.957,3.758920,266.03,1,,,,,50,
FULL_HYBRID,100000,13,376317.748,3.763177,265.73,1,,,,,50,
FULL_HYBRID,100000,14,378006.500,3.780065,264.55,1,,,,,50,
FULL_HYBRID,100000,15,374790.643,3.747906,266.82,1,,,,,50,
FULL_HYBRID,100000,16,378417.829,3.784178,264.26,1,,,,,50,
FULL_HYBRID,100000,17,376465.738,3.764657,265.63,1,,,,,50,
FULL_HYBRID,100000,18,376750.885,3.767509,265.43,1,,,,,50,
FULL_HYBRID,100000,19,378843.614,3.788436,263.96,1,,,,,50,
FULL_HYBRID,100000,20,376709.817,3.767098,265.46,1,,,,,50,
FULL_HYBRID,100000,21,378096.922,3.780969,264.48,1,,,,,50,
FULL_HYBRID,100000,22,377122.062,3.771221,265.17,1,,,,,50,
FULL_HYBRID,100000,23,382754.595,3.827546,261.26,1,,,,,50,
FULL_HYBRID,100000,24,376690.771,3.766908,265.47,1,,,,,50,
FULL_HYBRID,100000,25,374873.154,3.748732,266.76,1,,,,,50,
FULL_HYBRID,100000,26,377991.162,3.779912,264.56,1,,,,,50,
FULL_HYBRID,100000,27,377369.222,3.773692,264.99,1,,,,,50,
FULL_HYBRID,100000,28,375386.869,3.753869,266.39,1,,,,,50,
FULL_HYBRID,100000,29,376440.961,3.764410,265.65,1,,,,,50,
FULL_HYBRID,100000,30,376107.705,3.761077,265.88,1,,,,,50,
FULL_HYBRID,100000,-1,377659.589,3.776596,264.79,1,377842.959,2127.135,374790.643,382754.595,2372.546,50
FULL_HYBRID,100000,1,372798.420,3.727984,268.24,1,,,,,100,
FULL_HYBRID,100000,2,374222.296,3.742223,267.22,1,,,,,100,
FULL_HYBRID,100000,3,375218.511,3.752185,266.51,1,,,,,100,
FULL_HYBRID,100000,4,377499.841,3.774998,264.90,1,,,,,100,
FULL_HYBRID,100000,5,377994.699,3.779947,264.55,1,,,,,100,
FULL_HYBRID,100000,6,375154.847,3.751548,266.56,1,,,,,100,
FULL_HYBRID,100000,7,375008.188,3.750082,266.66,1,,,,,100,
FULL_HYBRID,100000,8,375431.941,3.754319,266.36,1,,,,,100,
FULL_HYBRID,100000,9,377398.347,3.773983,264.97,1,,,,,100,
FULL_HYBRID,100000,10,375399.555,3.753996,266.38,1,,,,,100,
FULL_HYBRID,100000,11,375644.331,3.756443,266.21,1,,,,,100,
FULL_HYBRID,100000,12,376135.528,3.761355,265.86,1,,,,,100,
FULL_HYBRID,100000,13,372478.435,3.724784,268.47,1,,,,,100,
FULL_HYBRID,100000,14,375198.629,3.751986,266.53,1,,,,,100,
FULL_HYBRID,100000,15,378052.580,3.780526,264.51,1,,,,,100,
FULL_HYBRID,100000,16,376157.747,3.761577,265.85,1,,,,,100,
FULL_HYBRID,100000,17,374658.055,3.746581,266.91,1,,,,,100,
FULL_HYBRID,100000,18,374331.455,3.743315,267.14,1,,,,,100,
FULL_HYBRID,100000,19,371095.745,3.710957,269.47,1,,,,,100,
FULL_HYBRID,100000,20,372886.704,3.728867,268.18,1,,,,,100,
FULL_HYBRID,100000,21,373412.838,3.734128,267.80,1,,,,,100,
FULL_HYBRID,100000,22,374331.524,3.743315,267.14,1,,,,,100,
FULL_HYBRID,100000,23,372072.137,3.720721,268.77,1,,,,,100,
FULL_HYBRID,100000,24,369948.103,3.699481,270.31,1,,,,,100,
FULL_HYBRID,100000,25,373063.770,3.730638,268.05,1,,,,,100,
FULL_HYBRID,100000,26,371137.704,3.711377,269.44,1,,,,,100,
FULL_HYBRID,100000,27,372891.355,3.728914,268.17,1,,,,,100,
FULL_HYBRID,100000,28,373891.123,3.738911,267.46,1,,,,,100,
FULL_HYBRID,100000,29,371710.666,3.717107,269.03,1,,,,,100,
FULL_HYBRID,100000,30,372608.403,3.726084,268.38,1,,,,,100,
FULL_HYBRID,100000,-1,374331.490,3.743315,267.14,1,374261.116,2096.274,369948.103,378052.580,2603.353,100
FULL_HYBRID,100000,1,367182.910,3.671829,272.34,1,,,,,500,
FULL_HYBRID,100000,2,364914.217,3.649142,274.04,1,,,,,500,
FULL_HYBRID,100000,3,367928.845,3.679288,271.79,1,,,,,500,
FULL_HYBRID,100000,4,365755.666,3.657557,273.41,1,,,,,500,
FULL_HYBRID,100000,5,367061.446,3.670614,272.43,1,,,,,500,
FULL_HYBRID,100000,6,367002.184,3.670022,272.48,1,,,,,500,
FULL_HYBRID,100000,7,366314.477,3.663145,272.99,1,,,,,500,
FULL_HYBRID,100000,8,367389.058,3.673891,272.19,1,,,,,500,
FULL_HYBRID,100000,9,364806.249,3.648062,274.12,1,,,,,500,
FULL_HYBRID,100000,10,365910.645,3.659106,273.29,1,,,,,500,
FULL_HYBRID,100000,11,370152.311,3.701523,270.16,1,,,,,500,
FULL_HYBRID,100000,12,362985.496,3.629855,275.49,1,,,,,500,
FULL_HYBRID,100000,13,366727.048,3.667270,272.68,1,,,,,500,
FULL_HYBRID,100000,14,363137.583,3.631376,275.38,1,,,,,500,
FULL_HYBRID,100000,15,363999.516,3.639995,274.73,1,,,,,500,
FULL_HYBRID,100000,16,367921.657,3.679217,271.80,1,,,,,500,
FULL_HYBRID,100000,17,367432.009,3.674320,272.16,1,,,,,500,
FULL_HYBRID,100000,18,364484.991,3.644850,274.36,1,,,,,500,
FULL_HYBRID,100000,19,364173.677,3.641737,274.59,1,,,,,500,
FULL_HYBRID,100000,20,364543.760,3.645438,274.32,1,,,,,500,
FULL_HYBRID,100000,21,371724.570,3.717246,269.02,1,,,,,500,
FULL_HYBRID,100000,22,368567.195,3.685672,271.32,1,,,,,500,
FULL_HYBRID,100000,23,370432.694,3.704327,269.95,1,,,,,500,
FULL_HYBRID,100000,24,370261.969,3.702620,270.08,1,,,,,500,
FULL_HYBRID,100000,25,368911.301,3.689113,271.07,1,,,,,500,
FULL_HYBRID,100000,26,373659.139,3.736591,267.62,1,,,,,500,
FULL_HYBRID,100000,27,370970.594,3.709706,269.56,1,,,,,500,
FULL_HYBRID,100000,28,372667.419,3.726674,268.34,1,,,,,500,
FULL_HYBRID,100000,29,372122.369,3.721224,268.73,1,,,,,500,
FULL_HYBRID,100000,30,367641.353,3.676414,272.00,1,,,,,500,
FULL_HYBRID,100000,-1,367285.984,3.672860,272.27,1,367559.412,2907.758,362985.496,373659.139,4717.479,500
